1,Bill Gates: AI is most important tech advance in decades.,"Tue, 21 Mar 2023 07:00:00 GMT",BBC,https://www.bbc.com,https://news.google.com/rss/articles/CBMiLGh0dHBzOi8vd3d3LmJiYy5jb20vbmV3cy90ZWNobm9sb2d5LTY1MDMyODQ40gEwaHR0cHM6Ly93d3cuYmJjLmNvbS9uZXdzL3RlY2hub2xvZ3ktNjUwMzI4NDguYW1w?oc=5

3,AI: China tech giant Alibaba to roll out ChatGPT rival.,"Tue, 11 Apr 2023 05:34:25 GMT",BBC,https://www.bbc.com,https://news.google.com/rss/articles/CBMiKmh0dHBzOi8vd3d3LmJiYy5jb20vbmV3cy9idXNpbmVzcy02NTIzNjg0ONIBLmh0dHBzOi8vd3d3LmJiYy5jb20vbmV3cy9idXNpbmVzcy02NTIzNjg0OC5hbXA?oc=5

4,Suspect Nima Momeni held over Cash App founder's death.,"Fri, 14 Apr 2023 10:38:59 GMT",BBC,https://www.bbc.com,https://news.google.com/rss/articles/CBMiMWh0dHBzOi8vd3d3LmJiYy5jb20vbmV3cy93b3JsZC11cy1jYW5hZGEtNjUyNTc4MDbSATVodHRwczovL3d3dy5iYmMuY29tL25ld3Mvd29ybGQtdXMtY2FuYWRhLTY1MjU3ODA2LmFtcA?oc=5

5,AI could replace equivalent of 300 million jobs - report.,"Tue, 28 Mar 2023 07:00:00 GMT",BBC,https://www.bbc.com,https://news.google.com/rss/articles/CBMiLGh0dHBzOi8vd3d3LmJiYy5jb20vbmV3cy90ZWNobm9sb2d5LTY1MTAyMTUw0gEwaHR0cHM6Ly93d3cuYmJjLmNvbS9uZXdzL3RlY2hub2xvZ3ktNjUxMDIxNTAuYW1w?oc=5

6,Elon Musk among experts urging a halt to AI training.,"Thu, 30 Mar 2023 07:00:00 GMT",BBC,https://www.bbc.com,https://news.google.com/rss/articles/CBMiLGh0dHBzOi8vd3d3LmJiYy5jb20vbmV3cy90ZWNobm9sb2d5LTY1MTEwMDMw0gEwaHR0cHM6Ly93d3cuYmJjLmNvbS9uZXdzL3RlY2hub2xvZ3ktNjUxMTAwMzAuYW1w?oc=5

7,"Clearview AI used nearly 1m times by US police, it tells the BBC.","Mon, 27 Mar 2023 07:00:00 GMT",BBC,https://www.bbc.com,https://news.google.com/rss/articles/CBMiLGh0dHBzOi8vd3d3LmJiYy5jb20vbmV3cy90ZWNobm9sb2d5LTY1MDU3MDEx0gEwaHR0cHM6Ly93d3cuYmJjLmNvbS9uZXdzL3RlY2hub2xvZ3ktNjUwNTcwMTEuYW1w?oc=5

8,The clean energy milestone the world is set to pass in 2023.,"Fri, 14 Apr 2023 23:35:01 GMT",BBC,https://www.bbc.com,https://news.google.com/rss/articles/CBMiX2h0dHBzOi8vd3d3LmJiYy5jb20vZnV0dXJlL2FydGljbGUvMjAyMzA0MTQtY2xpbWF0ZS1jaGFuZ2Utd2h5LTIwMjMtaXMtYS1jbGVhbi1lbmVyZ3ktbWlsZXN0b25l0gEA?oc=5

9,Twitter staff cuts leave Russian trolls unchecked.,"Thu, 13 Apr 2023 23:29:56 GMT",BBC,https://www.bbc.com,https://news.google.com/rss/articles/CBMiLGh0dHBzOi8vd3d3LmJiYy5jb20vbmV3cy90ZWNobm9sb2d5LTY1MDY3NzA30gEwaHR0cHM6Ly93d3cuYmJjLmNvbS9uZXdzL3RlY2hub2xvZ3ktNjUwNjc3MDcuYW1w?oc=5

10,The women who left their jobs to code.,"Sat, 08 Apr 2023 07:00:00 GMT",BBC,https://www.bbc.com,https://news.google.com/rss/articles/CBMiLGh0dHBzOi8vd3d3LmJiYy5jb20vbmV3cy90ZWNobm9sb2d5LTY1MTc1OTAw0gEwaHR0cHM6Ly93d3cuYmJjLmNvbS9uZXdzL3RlY2hub2xvZ3ktNjUxNzU5MDAuYW1w?oc=5

11,"Elon Musk BBC interview: Twitter boss on layoffs, misinfo and sleeping in the office.","Wed, 12 Apr 2023 16:49:11 GMT",BBC,https://www.bbc.com,https://news.google.com/rss/articles/CBMiKmh0dHBzOi8vd3d3LmJiYy5jb20vbmV3cy9idXNpbmVzcy02NTI0ODE5NtIBLmh0dHBzOi8vd3d3LmJiYy5jb20vbmV3cy9idXNpbmVzcy02NTI0ODE5Ni5hbXA?oc=5

12,ChatGPT: Mayor starts legal bid over false bribery claim.,"Thu, 06 Apr 2023 07:00:00 GMT",BBC,https://www.bbc.com,https://news.google.com/rss/articles/CBMiLGh0dHBzOi8vd3d3LmJiYy5jb20vbmV3cy90ZWNobm9sb2d5LTY1MjAyNTk30gEwaHR0cHM6Ly93d3cuYmJjLmNvbS9uZXdzL3RlY2hub2xvZ3ktNjUyMDI1OTcuYW1w?oc=5

13,Meet the hacker armies on Ukraine's cyber front line.,"Fri, 14 Apr 2023 23:09:13 GMT",BBC,https://www.bbc.com,https://news.google.com/rss/articles/CBMiLGh0dHBzOi8vd3d3LmJiYy5jb20vbmV3cy90ZWNobm9sb2d5LTY1MjUwMzU20gEwaHR0cHM6Ly93d3cuYmJjLmNvbS9uZXdzL3RlY2hub2xvZ3ktNjUyNTAzNTYuYW1w?oc=5

14,Bard: Google's rival to ChatGPT launches for over-18s.,"Tue, 21 Mar 2023 07:00:00 GMT",BBC,https://www.bbc.com,https://news.google.com/rss/articles/CBMiLGh0dHBzOi8vd3d3LmJiYy5jb20vbmV3cy90ZWNobm9sb2d5LTY1MDE4MTA30gEwaHR0cHM6Ly93d3cuYmJjLmNvbS9uZXdzL3RlY2hub2xvZ3ktNjUwMTgxMDcuYW1w?oc=5

15,Technology has become the double-edged sword of Asia's protests.,"Sun, 26 Mar 2023 07:00:00 GMT",BBC,https://www.bbc.com,https://news.google.com/rss/articles/CBMiLGh0dHBzOi8vd3d3LmJiYy5jb20vbmV3cy93b3JsZC1hc2lhLTY0MzAwNDQy0gEwaHR0cHM6Ly93d3cuYmJjLmNvbS9uZXdzL3dvcmxkLWFzaWEtNjQzMDA0NDIuYW1w?oc=5

16,ChatGPT bug leaked users' conversation histories.,"Thu, 23 Mar 2023 07:00:00 GMT",BBC,https://www.bbc.com,https://news.google.com/rss/articles/CBMiLGh0dHBzOi8vd3d3LmJiYy5jb20vbmV3cy90ZWNobm9sb2d5LTY1MDQ3MzA00gEwaHR0cHM6Ly93d3cuYmJjLmNvbS9uZXdzL3RlY2hub2xvZ3ktNjUwNDczMDQuYW1w?oc=5

17,The other Chinese apps taking the US and UK by storm.,"Mon, 03 Apr 2023 07:00:00 GMT",BBC,https://www.bbc.com,https://news.google.com/rss/articles/CBMiLGh0dHBzOi8vd3d3LmJiYy5jb20vbmV3cy90ZWNobm9sb2d5LTY1MDcyNDA30gEwaHR0cHM6Ly93d3cuYmJjLmNvbS9uZXdzL3RlY2hub2xvZ3ktNjUwNzI0MDcuYW1w?oc=5

18,The tech helping driverless cars see round corners.,"Mon, 27 Mar 2023 07:00:00 GMT",BBC,https://www.bbc.com,https://news.google.com/rss/articles/CBMiKmh0dHBzOi8vd3d3LmJiYy5jb20vbmV3cy9idXNpbmVzcy02NTAzNjg5NdIBLmh0dHBzOi8vd3d3LmJiYy5jb20vbmV3cy9idXNpbmVzcy02NTAzNjg5NS5hbXA?oc=5

19,Alibaba: China tech giant shares jump after breakup plan announced.,"Wed, 29 Mar 2023 07:00:00 GMT",BBC,https://www.bbc.com,https://news.google.com/rss/articles/CBMiKmh0dHBzOi8vd3d3LmJiYy5jb20vbmV3cy9idXNpbmVzcy02NTEwNzkyM9IBLmh0dHBzOi8vd3d3LmJiYy5jb20vbmV3cy9idXNpbmVzcy02NTEwNzkyMy5hbXA?oc=5

20,How an objective measure of pain could counter bias in medicine.,"Fri, 14 Apr 2023 07:00:00 GMT",BBC,https://www.bbc.com,https://news.google.com/rss/articles/CBMiV2h0dHBzOi8vd3d3LmJiYy5jb20vZnV0dXJlL2FydGljbGUvMjAyMzA0MTQtdGhlLXNlYXJjaC1mb3ItYW4tb2JqZWN0aXZlLW1lYXN1cmUtb2YtcGFpbtIBAA?oc=5

21,The plan to make a giant hot water bottle underground.,"Thu, 13 Apr 2023 23:04:37 GMT",BBC,https://www.bbc.com,https://news.google.com/rss/articles/CBMiKmh0dHBzOi8vd3d3LmJiYy5jb20vbmV3cy9idXNpbmVzcy02NTA5ODc5MtIBLmh0dHBzOi8vd3d3LmJiYy5jb20vbmV3cy9idXNpbmVzcy02NTA5ODc5Mi5hbXA?oc=5

22,Theranos Founder Elizabeth Holmes to go to prison end of April.,"Tue, 11 Apr 2023 15:30:09 GMT",BBC,https://www.bbc.com,https://news.google.com/rss/articles/CBMiMWh0dHBzOi8vd3d3LmJiYy5jb20vbmV3cy93b3JsZC11cy1jYW5hZGEtNjUyNDExMDXSATVodHRwczovL3d3dy5iYmMuY29tL25ld3Mvd29ybGQtdXMtY2FuYWRhLTY1MjQxMTA1LmFtcA?oc=5

24,Twitter's blue ticks disappear as Musk attacks NY Times.,"Sun, 02 Apr 2023 07:00:00 GMT",BBC,https://www.bbc.com,https://news.google.com/rss/articles/CBMiLGh0dHBzOi8vd3d3LmJiYy5jb20vbmV3cy90ZWNobm9sb2d5LTY1MTU2MjE20gEwaHR0cHM6Ly93d3cuYmJjLmNvbS9uZXdzL3RlY2hub2xvZ3ktNjUxNTYyMTYuYW1w?oc=5

25,Do Kwon: Fugitive 'cryptocrash' boss arrested in Montenegro.,"Fri, 24 Mar 2023 07:00:00 GMT",BBC,https://www.bbc.com,https://news.google.com/rss/articles/CBMiLGh0dHBzOi8vd3d3LmJiYy5jb20vbmV3cy90ZWNobm9sb2d5LTY1MDU4NTMz0gEwaHR0cHM6Ly93d3cuYmJjLmNvbS9uZXdzL3RlY2hub2xvZ3ktNjUwNTg1MzMuYW1w?oc=5

26,Bank governor warns firms raising prices ‘hurts people’.,"Fri, 24 Mar 2023 07:00:00 GMT",BBC,https://www.bbc.com,https://news.google.com/rss/articles/CBMiLGh0dHBzOi8vd3d3LmJiYy5jb20vbmV3cy90ZWNobm9sb2d5LTY1MDU2NzMz0gEwaHR0cHM6Ly93d3cuYmJjLmNvbS9uZXdzL3RlY2hub2xvZ3ktNjUwNTY3MzMuYW1w?oc=5

27,Jack Ma: Alibaba founder seen in China after long absence.,"Mon, 27 Mar 2023 07:00:00 GMT",BBC,https://www.bbc.com,https://news.google.com/rss/articles/CBMiMmh0dHBzOi8vd3d3LmJiYy5jb20vbmV3cy93b3JsZC1hc2lhLWNoaW5hLTY1MDg0MzQ00gE2aHR0cHM6Ly93d3cuYmJjLmNvbS9uZXdzL3dvcmxkLWFzaWEtY2hpbmEtNjUwODQzNDQuYW1w?oc=5

28,Commercial development of gene-edited food now legal in England.,"Thu, 23 Mar 2023 07:00:00 GMT",BBC,https://www.bbc.com,https://news.google.com/rss/articles/CBMiNWh0dHBzOi8vd3d3LmJiYy5jb20vbmV3cy9zY2llbmNlLWVudmlyb25tZW50LTY0NTk2NDUz0gE5aHR0cHM6Ly93d3cuYmJjLmNvbS9uZXdzL3NjaWVuY2UtZW52aXJvbm1lbnQtNjQ1OTY0NTMuYW1w?oc=5

29,The surprising ways cellphones have changed our lives.,"Mon, 03 Apr 2023 07:00:00 GMT",BBC,https://www.bbc.com,https://news.google.com/rss/articles/CBMiW2h0dHBzOi8vd3d3LmJiYy5jb20vZnV0dXJlL2FydGljbGUvMjAyMzAzMzEtdGhlLXN1cnByaXNpbmctd2F5LWNlbGxwaG9uZXMtY2hhbmdlZC1vdXItbGl2ZXPSAQA?oc=5

30,NPR quits Twitter over 'government-funded' label.,"Thu, 13 Apr 2023 01:27:34 GMT",BBC,https://www.bbc.com,https://news.google.com/rss/articles/CBMiMWh0dHBzOi8vd3d3LmJiYy5jb20vbmV3cy93b3JsZC11cy1jYW5hZGEtNjUyMDI5NzjSATVodHRwczovL3d3dy5iYmMuY29tL25ld3Mvd29ybGQtdXMtY2FuYWRhLTY1MjAyOTc4LmFtcA?oc=5

31,Elon Musk: Tesla to build new battery factory in Shanghai.,"Mon, 10 Apr 2023 04:46:42 GMT",BBC,https://www.bbc.com,https://news.google.com/rss/articles/CBMiKmh0dHBzOi8vd3d3LmJiYy5jb20vbmV3cy9idXNpbmVzcy02NTIyODkyN9IBLmh0dHBzOi8vd3d3LmJiYy5jb20vbmV3cy9idXNpbmVzcy02NTIyODkyNy5hbXA?oc=5

32,Multiple injuries after ship tips over at Edinburgh dockyard.,"Wed, 22 Mar 2023 07:00:00 GMT",BBC,https://www.bbc.com,https://news.google.com/rss/articles/CBMiLGh0dHBzOi8vd3d3LmJiYy5jb20vbmV3cy90ZWNobm9sb2d5LTY1MDM4NjE30gEwaHR0cHM6Ly93d3cuYmJjLmNvbS9uZXdzL3RlY2hub2xvZ3ktNjUwMzg2MTcuYW1w?oc=5

33,The phones that detect earthquakes.,"Fri, 07 Apr 2023 07:00:00 GMT",BBC,https://www.bbc.com,https://news.google.com/rss/articles/CBMiTmh0dHBzOi8vd3d3LmJiYy5jb20vZnV0dXJlL2FydGljbGUvMjAyMzA0MDUtdGhlLXBob25lcy10aGF0LWRldGVjdC1lYXJ0aHF1YWtlc9IBAA?oc=5

34,Kuwait news outlet unveils AI-generated presenter Fedha.,"Tue, 11 Apr 2023 09:40:11 GMT",BBC,https://www.bbc.com,https://news.google.com/rss/articles/CBMiM2h0dHBzOi8vd3d3LmJiYy5jb20vbmV3cy93b3JsZC1taWRkbGUtZWFzdC02NTIzODk1MNIBN2h0dHBzOi8vd3d3LmJiYy5jb20vbmV3cy93b3JsZC1taWRkbGUtZWFzdC02NTIzODk1MC5hbXA?oc=5

35,The signs of heart disease your phone can spot.,"Sat, 08 Apr 2023 07:00:00 GMT",BBC,https://www.bbc.com,https://news.google.com/rss/articles/CBMiWmh0dHBzOi8vd3d3LmJiYy5jb20vZnV0dXJlL2FydGljbGUvMjAyMzA0MDYtdGhlLXNpZ25zLW9mLWhlYXJ0LWRpc2Vhc2UteW91ci1waG9uZS1jYW4tc3BvdNIBAA?oc=5

36,Why alleged Pentagon leaker Jack Teixeira had top secret access aged 21.,"Fri, 14 Apr 2023 19:19:51 GMT",BBC,https://www.bbc.com,https://news.google.com/rss/articles/CBMiMWh0dHBzOi8vd3d3LmJiYy5jb20vbmV3cy93b3JsZC11cy1jYW5hZGEtNjUyNzExMzbSATVodHRwczovL3d3dy5iYmMuY29tL25ld3Mvd29ybGQtdXMtY2FuYWRhLTY1MjcxMTM2LmFtcA?oc=5

37,Friend or foe: Can computer coders trust ChatGPT?.,"Fri, 31 Mar 2023 07:00:00 GMT",BBC,https://www.bbc.com,https://news.google.com/rss/articles/CBMiKmh0dHBzOi8vd3d3LmJiYy5jb20vbmV3cy9idXNpbmVzcy02NTA4Njc5ONIBLmh0dHBzOi8vd3d3LmJiYy5jb20vbmV3cy9idXNpbmVzcy02NTA4Njc5OC5hbXA?oc=5

38,Utah is first US state to limit teen social media access.,"Fri, 24 Mar 2023 07:00:00 GMT",BBC,https://www.bbc.com,https://news.google.com/rss/articles/CBMiMWh0dHBzOi8vd3d3LmJiYy5jb20vbmV3cy93b3JsZC11cy1jYW5hZGEtNjUwNjA3MzPSATVodHRwczovL3d3dy5iYmMuY29tL25ld3Mvd29ybGQtdXMtY2FuYWRhLTY1MDYwNzMzLmFtcA?oc=5

39,UN climate report: Scientists release 'survival guide' to avert climate disaster.,"Mon, 20 Mar 2023 07:00:00 GMT",BBC,https://www.bbc.com,https://news.google.com/rss/articles/CBMiNWh0dHBzOi8vd3d3LmJiYy5jb20vbmV3cy9zY2llbmNlLWVudmlyb25tZW50LTY1MDAwMTgy0gE5aHR0cHM6Ly93d3cuYmJjLmNvbS9uZXdzL3NjaWVuY2UtZW52aXJvbm1lbnQtNjUwMDAxODIuYW1w?oc=5

40,Amazon closing UK-based online shop Book Depository.,"Wed, 05 Apr 2023 07:00:00 GMT",BBC,https://www.bbc.com,https://news.google.com/rss/articles/CBMiKmh0dHBzOi8vd3d3LmJiYy5jb20vbmV3cy9idXNpbmVzcy02NTE4NDc3NtIBLmh0dHBzOi8vd3d3LmJiYy5jb20vbmV3cy9idXNpbmVzcy02NTE4NDc3Ni5hbXA?oc=5

41,BAE Systems awarded more than £600m for fighter jet project.,"Fri, 14 Apr 2023 11:55:08 GMT",BBC,https://www.bbc.com,https://news.google.com/rss/articles/CBMiN2h0dHBzOi8vd3d3LmJiYy5jb20vbmV3cy91ay1lbmdsYW5kLWxhbmNhc2hpcmUtNjUyNzQwMzHSATtodHRwczovL3d3dy5iYmMuY29tL25ld3MvdWstZW5nbGFuZC1sYW5jYXNoaXJlLTY1Mjc0MDMxLmFtcA?oc=5

42,Why fun apps are banned on French officials' phones.,"Mon, 27 Mar 2023 07:00:00 GMT",BBC,https://www.bbc.com,https://news.google.com/rss/articles/CBMiLGh0dHBzOi8vd3d3LmJiYy5jb20vbmV3cy90ZWNobm9sb2d5LTY1MDg4MTUy0gEwaHR0cHM6Ly93d3cuYmJjLmNvbS9uZXdzL3RlY2hub2xvZ3ktNjUwODgxNTIuYW1w?oc=5

43,Why humans will never understand AI.,"Wed, 05 Apr 2023 07:00:00 GMT",BBC,https://www.bbc.com,https://news.google.com/rss/articles/CBMiYmh0dHBzOi8vd3d3LmJiYy5jb20vZnV0dXJlL2FydGljbGUvMjAyMzA0MDUtd2h5LWFpLWlzLWJlY29taW5nLWltcG9zc2libGUtZm9yLWh1bWFucy10by11bmRlcnN0YW5k0gEA?oc=5

44,How Elon Musk's tweets unleashed a wave of hate.,"Tue, 21 Mar 2023 07:00:00 GMT",BBC,https://www.bbc.com,https://news.google.com/rss/articles/CBMiLGh0dHBzOi8vd3d3LmJiYy5jb20vbmV3cy90ZWNobm9sb2d5LTY0OTg5NzIw0gEwaHR0cHM6Ly93d3cuYmJjLmNvbS9uZXdzL3RlY2hub2xvZ3ktNjQ5ODk3MjAuYW1w?oc=5

45,The web firm that wants to stop you getting 'cancelled'.,"Sun, 26 Mar 2023 07:00:00 GMT",BBC,https://www.bbc.com,https://news.google.com/rss/articles/CBMiKmh0dHBzOi8vd3d3LmJiYy5jb20vbmV3cy9idXNpbmVzcy02NTA1MDE2MNIBLmh0dHBzOi8vd3d3LmJiYy5jb20vbmV3cy9idXNpbmVzcy02NTA1MDE2MC5hbXA?oc=5

46,Whitehaven Hospital employs robot to help free up staff.,"Thu, 06 Apr 2023 07:00:00 GMT",BBC,https://www.bbc.com,https://news.google.com/rss/articles/CBMiNGh0dHBzOi8vd3d3LmJiYy5jb20vbmV3cy91ay1lbmdsYW5kLWN1bWJyaWEtNjUyMDkxNTbSAThodHRwczovL3d3dy5iYmMuY29tL25ld3MvdWstZW5nbGFuZC1jdW1icmlhLTY1MjA5MTU2LmFtcA?oc=5

47,"North Korea says it tested ""most powerful"" missile to date.","Fri, 14 Apr 2023 03:52:55 GMT",BBC,https://www.bbc.com,https://news.google.com/rss/articles/CBMiLGh0dHBzOi8vd3d3LmJiYy5jb20vbmV3cy93b3JsZC1hc2lhLTY1MjcxODM10gEwaHR0cHM6Ly93d3cuYmJjLmNvbS9uZXdzL3dvcmxkLWFzaWEtNjUyNzE4MzUuYW1w?oc=5

48,Are romance authors at risk from book-writing chatbots?.,"Mon, 20 Mar 2023 07:00:00 GMT",BBC,https://www.bbc.com,https://news.google.com/rss/articles/CBMiKmh0dHBzOi8vd3d3LmJiYy5jb20vbmV3cy9idXNpbmVzcy02NDk3NTUyNNIBLmh0dHBzOi8vd3d3LmJiYy5jb20vbmV3cy9idXNpbmVzcy02NDk3NTUyNC5hbXA?oc=5

49,Vodafone says UK broadband services back to normal.,"Mon, 10 Apr 2023 16:49:00 GMT",BBC,https://www.bbc.com,https://news.google.com/rss/articles/CBMiLGh0dHBzOi8vd3d3LmJiYy5jb20vbmV3cy90ZWNobm9sb2d5LTY1MjMwODAx0gEwaHR0cHM6Ly93d3cuYmJjLmNvbS9uZXdzL3RlY2hub2xvZ3ktNjUyMzA4MDEuYW1w?oc=5

50,Fake Trump arrest photos: How to spot an AI-generated image.,"Fri, 24 Mar 2023 07:00:00 GMT",BBC,https://www.bbc.com,https://news.google.com/rss/articles/CBMiMWh0dHBzOi8vd3d3LmJiYy5jb20vbmV3cy93b3JsZC11cy1jYW5hZGEtNjUwNjkzMTbSATVodHRwczovL3d3dy5iYmMuY29tL25ld3Mvd29ybGQtdXMtY2FuYWRhLTY1MDY5MzE2LmFtcA?oc=5

51,Henstridge: Air ambulance to get low visibility landing system.,"Fri, 14 Apr 2023 05:13:19 GMT",BBC,https://www.bbc.com,https://news.google.com/rss/articles/CBMiM2h0dHBzOi8vd3d3LmJiYy5jb20vbmV3cy91ay1lbmdsYW5kLWRvcnNldC02NTI2NjkxM9IBN2h0dHBzOi8vd3d3LmJiYy5jb20vbmV3cy91ay1lbmdsYW5kLWRvcnNldC02NTI2NjkxMy5hbXA?oc=5

52,How X-planes may solve the sonic boom problem.,"Mon, 27 Mar 2023 07:00:00 GMT",BBC,https://www.bbc.com,https://news.google.com/rss/articles/CBMiWWh0dHBzOi8vd3d3LmJiYy5jb20vZnV0dXJlL2FydGljbGUvMjAyMzAzMjQtaG93LXgtcGxhbmVzLW1heS1zb2x2ZS10aGUtc29uaWMtYm9vbS1wcm9ibGVt0gEA?oc=5

53,Vinod Khosla: Indian start-ups with strong fundamentals will get funding.,"Tue, 28 Mar 2023 07:00:00 GMT",BBC,https://www.bbc.com,https://news.google.com/rss/articles/CBMiMmh0dHBzOi8vd3d3LmJiYy5jb20vbmV3cy93b3JsZC1hc2lhLWluZGlhLTY1MDIzMDU00gE2aHR0cHM6Ly93d3cuYmJjLmNvbS9uZXdzL3dvcmxkLWFzaWEtaW5kaWEtNjUwMjMwNTQuYW1w?oc=5

54,Elon Musk: Twitter says parts of source code leaked online.,"Mon, 27 Mar 2023 07:00:00 GMT",BBC,https://www.bbc.com,https://news.google.com/rss/articles/CBMiKmh0dHBzOi8vd3d3LmJiYy5jb20vbmV3cy9idXNpbmVzcy02NTA4NDI1NNIBLmh0dHBzOi8vd3d3LmJiYy5jb20vbmV3cy9idXNpbmVzcy02NTA4NDI1NC5hbXA?oc=5

55,California considers ban on caste discrimination.,"Thu, 23 Mar 2023 07:00:00 GMT",BBC,https://www.bbc.com,https://news.google.com/rss/articles/CBMiMmh0dHBzOi8vd3d3LmJiYy5jb20vbmV3cy93b3JsZC1hc2lhLWluZGlhLTY1MDQ4MDI20gE2aHR0cHM6Ly93d3cuYmJjLmNvbS9uZXdzL3dvcmxkLWFzaWEtaW5kaWEtNjUwNDgwMjYuYW1w?oc=5

56,"Amazon to cut another 9,000 jobs.","Mon, 20 Mar 2023 07:00:00 GMT",BBC,https://www.bbc.com,https://news.google.com/rss/articles/CBMiKmh0dHBzOi8vd3d3LmJiYy5jb20vbmV3cy9idXNpbmVzcy02NTAxODAwN9IBLmh0dHBzOi8vd3d3LmJiYy5jb20vbmV3cy9idXNpbmVzcy02NTAxODAwNy5hbXA?oc=5

57,Climate change: Can we really take CO2 back out the air?.,"Tue, 21 Mar 2023 07:00:00 GMT",BBC,https://www.bbc.com,https://news.google.com/rss/articles/CBMiV2h0dHBzOi8vd3d3LmJiYy5jb20vZnV0dXJlL2FydGljbGUvMjAyMzAzMjEtaXBjYy10aGUtcmlzaW5nLW5lZWQtZm9yLW5lZ2F0aXZlLWVtaXNzaW9uc9IBAA?oc=5

58,Would you open up to a chatbot therapist?.,"Sun, 02 Apr 2023 07:00:00 GMT",BBC,https://www.bbc.com,https://news.google.com/rss/articles/CBMiKmh0dHBzOi8vd3d3LmJiYy5jb20vbmV3cy9idXNpbmVzcy02NTExMDY4MNIBLmh0dHBzOi8vd3d3LmJiYy5jb20vbmV3cy9idXNpbmVzcy02NTExMDY4MC5hbXA?oc=5

59,Bristol University student creates app to stop cheats using essay bot.,"Thu, 06 Apr 2023 07:00:00 GMT",BBC,https://www.bbc.com,https://news.google.com/rss/articles/CBMiNGh0dHBzOi8vd3d3LmJiYy5jb20vbmV3cy91ay1lbmdsYW5kLWJyaXN0b2wtNjUyMDA1NDnSAThodHRwczovL3d3dy5iYmMuY29tL25ld3MvdWstZW5nbGFuZC1icmlzdG9sLTY1MjAwNTQ5LmFtcA?oc=5

60,Smart glasses at Basildon Hospital speed up procedures.,"Mon, 27 Mar 2023 07:00:00 GMT",BBC,https://www.bbc.com,https://news.google.com/rss/articles/CBMiMmh0dHBzOi8vd3d3LmJiYy5jb20vbmV3cy91ay1lbmdsYW5kLWVzc2V4LTY1MDI4NDEz0gE2aHR0cHM6Ly93d3cuYmJjLmNvbS9uZXdzL3VrLWVuZ2xhbmQtZXNzZXgtNjUwMjg0MTMuYW1w?oc=5

61,New UK plan to reach net zero goal faces criticism.,"Thu, 30 Mar 2023 07:00:00 GMT",BBC,https://www.bbc.com,https://news.google.com/rss/articles/CBMiNWh0dHBzOi8vd3d3LmJiYy5jb20vbmV3cy9zY2llbmNlLWVudmlyb25tZW50LTY1MTA3MDcy0gE5aHR0cHM6Ly93d3cuYmJjLmNvbS9uZXdzL3NjaWVuY2UtZW52aXJvbm1lbnQtNjUxMDcwNzIuYW1w?oc=5

62,Eurovision postcards to feature UK and Ukrainian landmarks.,"Wed, 12 Apr 2023 05:34:33 GMT",BBC,https://www.bbc.com,https://news.google.com/rss/articles/CBMiNWh0dHBzOi8vd3d3LmJiYy5jb20vbmV3cy91ay1lbmdsYW5kLXNvbWVyc2V0LTY1MjQ0OTEz0gE5aHR0cHM6Ly93d3cuYmJjLmNvbS9uZXdzL3VrLWVuZ2xhbmQtc29tZXJzZXQtNjUyNDQ5MTMuYW1w?oc=5

63,ChatGPT banned in Italy over privacy concerns.,"Sat, 01 Apr 2023 07:00:00 GMT",BBC,https://www.bbc.co.uk,https://news.google.com/rss/articles/CBMiLmh0dHBzOi8vd3d3LmJiYy5jby51ay9uZXdzL3RlY2hub2xvZ3ktNjUxMzk0MDbSATJodHRwczovL3d3dy5iYmMuY28udWsvbmV3cy90ZWNobm9sb2d5LTY1MTM5NDA2LmFtcA?oc=5

64,Barcodes at 50: The Spalding supermarket that made retail history.,"Mon, 03 Apr 2023 07:00:00 GMT",BBC,https://www.bbc.com,https://news.google.com/rss/articles/CBMiLmh0dHBzOi8vd3d3LmJiYy5jb20vbmV3cy9hcnRpY2xlcy9jMDR2eG5seXgzN2_SAQA?oc=5

65,Spinal injuries: Paralysed motorcyclist learns to walk again.,"Fri, 14 Apr 2023 05:08:03 GMT",BBC,https://www.bbc.com,https://news.google.com/rss/articles/CBMiKmh0dHBzOi8vd3d3LmJiYy5jb20vbmV3cy91ay13YWxlcy02NDI1ODExNdIBLmh0dHBzOi8vd3d3LmJiYy5jb20vbmV3cy91ay13YWxlcy02NDI1ODExNS5hbXA?oc=5

66,‘I left teaching to train as a heat pump engineer’.,"Mon, 20 Mar 2023 07:00:00 GMT",BBC,https://www.bbc.com,https://news.google.com/rss/articles/CBMiKmh0dHBzOi8vd3d3LmJiYy5jb20vbmV3cy9idXNpbmVzcy02NDg2MDgwMtIBLmh0dHBzOi8vd3d3LmJiYy5jb20vbmV3cy9idXNpbmVzcy02NDg2MDgwMi5hbXA?oc=5

67,Anne Keast-Butler to be first female director at GCHQ.,"Tue, 11 Apr 2023 12:36:01 GMT",BBC,https://www.bbc.com,https://news.google.com/rss/articles/CBMiJGh0dHBzOi8vd3d3LmJiYy5jb20vbmV3cy91ay02NTI0MDc1OdIBKGh0dHBzOi8vd3d3LmJiYy5jb20vbmV3cy91ay02NTI0MDc1OS5hbXA?oc=5

68,OneWeb launch completes space internet project.,"Sun, 26 Mar 2023 07:00:00 GMT",BBC,https://www.bbc.com,https://news.google.com/rss/articles/CBMiNWh0dHBzOi8vd3d3LmJiYy5jb20vbmV3cy9zY2llbmNlLWVudmlyb25tZW50LTY1MDY2NjY50gE5aHR0cHM6Ly93d3cuYmJjLmNvbS9uZXdzL3NjaWVuY2UtZW52aXJvbm1lbnQtNjUwNjY2NjkuYW1w?oc=5

70,Ford launches hands-free driving on UK motorways.,"Fri, 14 Apr 2023 09:48:36 GMT",BBC,https://www.bbc.co.uk,https://news.google.com/rss/articles/CBMiLGh0dHBzOi8vd3d3LmJiYy5jby51ay9uZXdzL2J1c2luZXNzLTY1MjcyOTI50gEwaHR0cHM6Ly93d3cuYmJjLmNvLnVrL25ld3MvYnVzaW5lc3MtNjUyNzI5MjkuYW1w?oc=5

71,China's loans to Africa worry World Bank President David Malpass.,"Sun, 02 Apr 2023 07:00:00 GMT",BBC,https://www.bbc.com,https://news.google.com/rss/articles/CBMiKmh0dHBzOi8vd3d3LmJiYy5jb20vbmV3cy9idXNpbmVzcy02NTE0MDM2M9IBLmh0dHBzOi8vd3d3LmJiYy5jb20vbmV3cy9idXNpbmVzcy02NTE0MDM2My5hbXA?oc=5

72,President Joe Biden avoids questions on ex-president Trump's arrest.,"Tue, 04 Apr 2023 07:00:00 GMT",BBC,https://www.bbc.com,https://news.google.com/rss/articles/CBMiMWh0dHBzOi8vd3d3LmJiYy5jb20vbmV3cy93b3JsZC11cy1jYW5hZGEtNjUxODM3NjbSATVodHRwczovL3d3dy5iYmMuY29tL25ld3Mvd29ybGQtdXMtY2FuYWRhLTY1MTgzNzY2LmFtcA?oc=5

73,John Lewis considers plan to change staff-owned structure.,"Sun, 19 Mar 2023 07:00:00 GMT",BBC,https://www.bbc.com,https://news.google.com/rss/articles/CBMiKmh0dHBzOi8vd3d3LmJiYy5jb20vbmV3cy9idXNpbmVzcy02NTAwNjIxONIBLmh0dHBzOi8vd3d3LmJiYy5jb20vbmV3cy9idXNpbmVzcy02NTAwNjIxOC5hbXA?oc=5

74,Central banks take swift action to keep cash flowing amid investor fears.,"Mon, 20 Mar 2023 07:00:00 GMT",BBC,https://www.bbc.com,https://news.google.com/rss/articles/CBMiKmh0dHBzOi8vd3d3LmJiYy5jb20vbmV3cy9idXNpbmVzcy02NTAxMDI1NdIBLmh0dHBzOi8vd3d3LmJiYy5jb20vbmV3cy9idXNpbmVzcy02NTAxMDI1NS5hbXA?oc=5

75,Man hacked woman's Facebook and Snapchat accounts to steal photos.,"Mon, 03 Apr 2023 07:00:00 GMT",BBC,https://www.bbc.com,https://news.google.com/rss/articles/CBMiN2h0dHBzOi8vd3d3LmJiYy5jb20vbmV3cy91ay1lbmdsYW5kLWxhbmNhc2hpcmUtNjUxNjY1NTfSATtodHRwczovL3d3dy5iYmMuY29tL25ld3MvdWstZW5nbGFuZC1sYW5jYXNoaXJlLTY1MTY2NTU3LmFtcA?oc=5

77,Virgin Orbit: Richard Branson's rocket firm files for bankruptcy.,"Tue, 04 Apr 2023 07:00:00 GMT",BBC,https://www.bbc.com,https://news.google.com/rss/articles/CBMiKmh0dHBzOi8vd3d3LmJiYy5jb20vbmV3cy9idXNpbmVzcy02NTE3MjU5NNIBLmh0dHBzOi8vd3d3LmJiYy5jb20vbmV3cy9idXNpbmVzcy02NTE3MjU5NC5hbXA?oc=5

78,Xi Putin meeting: What to expect from China-Russia talks.,"Sun, 19 Mar 2023 07:00:00 GMT",BBC,https://www.bbc.com,https://news.google.com/rss/articles/CBMiLmh0dHBzOi8vd3d3LmJiYy5jb20vbmV3cy93b3JsZC1ldXJvcGUtNjQ5OTA4MjbSATJodHRwczovL3d3dy5iYmMuY29tL25ld3Mvd29ybGQtZXVyb3BlLTY0OTkwODI2LmFtcA?oc=5

79,The Evil Dead: The horror shocker that set off a culture war.,"Mon, 10 Apr 2023 23:31:23 GMT",BBC,https://www.bbc.com,https://news.google.com/rss/articles/CBMiaGh0dHBzOi8vd3d3LmJiYy5jb20vY3VsdHVyZS9hcnRpY2xlLzIwMjMwNDA2LXRoZS1ldmlsLWRlYWQtdGhlLWhvcnJvci1zaG9ja2VyLXRoYXQtc2V0LW9mZi1hLWN1bHR1cmUtd2Fy0gEA?oc=5

81,"Labour could require solar panels for new builds, hints Ed Miliband.","Tue, 28 Mar 2023 07:00:00 GMT",BBC,https://www.bbc.com,https://news.google.com/rss/articles/CBMiLWh0dHBzOi8vd3d3LmJiYy5jb20vbmV3cy91ay1wb2xpdGljcy02NTA5NzMxOdIBMWh0dHBzOi8vd3d3LmJiYy5jb20vbmV3cy91ay1wb2xpdGljcy02NTA5NzMxOS5hbXA?oc=5

83,Kalakshetra: Sex harassment claims shake top India dance academy.,"Wed, 12 Apr 2023 06:26:54 GMT",BBC,https://www.bbc.com,https://news.google.com/rss/articles/CBMiMmh0dHBzOi8vd3d3LmJiYy5jb20vbmV3cy93b3JsZC1hc2lhLWluZGlhLTY1MjM3MDAy0gE2aHR0cHM6Ly93d3cuYmJjLmNvbS9uZXdzL3dvcmxkLWFzaWEtaW5kaWEtNjUyMzcwMDIuYW1w?oc=5

84,Scam alert: Di scammers wey fit chop your life savings.,"Thu, 13 Apr 2023 11:01:53 GMT",BBC,https://www.bbc.com,https://news.google.com/rss/articles/CBMiMGh0dHBzOi8vd3d3LmJiYy5jb20vcGlkZ2luL2FydGljbGVzL2NrdjNlbDNsZ3l6b9IBNGh0dHBzOi8vd3d3LmJiYy5jb20vcGlkZ2luL2FydGljbGVzL2NrdjNlbDNsZ3l6by5hbXA?oc=5

85,Martha Lane Fox warns against hysteria over AI.,"Tue, 04 Apr 2023 07:00:00 GMT",BBC,https://www.bbc.co.uk,https://news.google.com/rss/articles/CBMiLmh0dHBzOi8vd3d3LmJiYy5jby51ay9uZXdzL3RlY2hub2xvZ3ktNjUxNjIyNTfSATJodHRwczovL3d3dy5iYmMuY28udWsvbmV3cy90ZWNobm9sb2d5LTY1MTYyMjU3LmFtcA?oc=5

86,Blood tests may spare cancer patients chemo.,"Thu, 30 Mar 2023 07:00:00 GMT",BBC,https://www.bbc.com,https://news.google.com/rss/articles/CBMiKGh0dHBzOi8vd3d3LmJiYy5jb20vbmV3cy9oZWFsdGgtNjUwNDIyMjTSASxodHRwczovL3d3dy5iYmMuY29tL25ld3MvaGVhbHRoLTY1MDQyMjI0LmFtcA?oc=5

87,Flintshire: CCTV mooted to tackle school parking problems.,"Mon, 20 Mar 2023 07:00:00 GMT",BBC,https://www.bbc.com,https://news.google.com/rss/articles/CBMiKmh0dHBzOi8vd3d3LmJiYy5jb20vbmV3cy91ay13YWxlcy02NTAxNTc3NdIBLmh0dHBzOi8vd3d3LmJiYy5jb20vbmV3cy91ay13YWxlcy02NTAxNTc3NS5hbXA?oc=5

88,Zhao Weiguo: Chinese regulator accuses chip tycoon of corruption.,"Tue, 21 Mar 2023 07:00:00 GMT",BBC,https://www.bbc.com,https://news.google.com/rss/articles/CBMiKmh0dHBzOi8vd3d3LmJiYy5jb20vbmV3cy9idXNpbmVzcy02NTAyMjM4OdIBLmh0dHBzOi8vd3d3LmJiYy5jb20vbmV3cy9idXNpbmVzcy02NTAyMjM4OS5hbXA?oc=5

89,Social media: How (some) use can be good for teenagers.,"Sat, 08 Apr 2023 07:00:00 GMT",BBC,https://www.bbc.com,https://news.google.com/rss/articles/CBMiKmh0dHBzOi8vd3d3LmJiYy5jb20vbmV3cy91ay13YWxlcy02NDY0MDczNNIBLmh0dHBzOi8vd3d3LmJiYy5jb20vbmV3cy91ay13YWxlcy02NDY0MDczNC5hbXA?oc=5

90,Bank of England on heightened alert for further banking turmoil.,"Tue, 28 Mar 2023 07:00:00 GMT",BBC,https://www.bbc.com,https://news.google.com/rss/articles/CBMiKmh0dHBzOi8vd3d3LmJiYy5jb20vbmV3cy9idXNpbmVzcy02NTA5OTEzNtIBLmh0dHBzOi8vd3d3LmJiYy5jb20vbmV3cy9idXNpbmVzcy02NTA5OTEzNi5hbXA?oc=5

92,Good Friday Agreement: Has Northern Ireland seen a peace dividend?.,"Mon, 03 Apr 2023 07:00:00 GMT",BBC,https://www.bbc.com,https://news.google.com/rss/articles/CBMiNWh0dHBzOi8vd3d3LmJiYy5jb20vbmV3cy91ay1ub3J0aGVybi1pcmVsYW5kLTY1MTY4Mjk30gE5aHR0cHM6Ly93d3cuYmJjLmNvbS9uZXdzL3VrLW5vcnRoZXJuLWlyZWxhbmQtNjUxNjgyOTcuYW1w?oc=5

93,Google faces new multi-billion advertising lawsuit.,"Fri, 31 Mar 2023 07:00:00 GMT",BBC,https://www.bbc.co.uk,https://news.google.com/rss/articles/CBMiLmh0dHBzOi8vd3d3LmJiYy5jby51ay9uZXdzL3RlY2hub2xvZ3ktNjUxMTUyMzHSATJodHRwczovL3d3dy5iYmMuY28udWsvbmV3cy90ZWNobm9sb2d5LTY1MTE1MjMxLmFtcA?oc=5

94,Terry Gou: Foxconn founder in fresh run for Taiwan presidency.,"Wed, 05 Apr 2023 07:00:00 GMT",BBC,https://www.bbc.com,https://news.google.com/rss/articles/CBMiKmh0dHBzOi8vd3d3LmJiYy5jb20vbmV3cy9idXNpbmVzcy02NTE4NDg1MdIBLmh0dHBzOi8vd3d3LmJiYy5jb20vbmV3cy9idXNpbmVzcy02NTE4NDg1MS5hbXA?oc=5

95,Kim Jong Un oversees launch of nuclear-capable underwater drone - state media.,"Fri, 24 Mar 2023 07:00:00 GMT",BBC,https://www.bbc.com,https://news.google.com/rss/articles/CBMiLGh0dHBzOi8vd3d3LmJiYy5jb20vbmV3cy93b3JsZC1hc2lhLTY1MDYwODg00gEwaHR0cHM6Ly93d3cuYmJjLmNvbS9uZXdzL3dvcmxkLWFzaWEtNjUwNjA4ODQuYW1w?oc=5

96,Guernsey children screen time on the rise since lockdown.,"Thu, 23 Mar 2023 07:00:00 GMT",BBC,https://www.bbc.com,https://news.google.com/rss/articles/CBMiN2h0dHBzOi8vd3d3LmJiYy5jb20vbmV3cy93b3JsZC1ldXJvcGUtZ3Vlcm5zZXktNjUwNDE3MDTSATtodHRwczovL3d3dy5iYmMuY29tL25ld3Mvd29ybGQtZXVyb3BlLWd1ZXJuc2V5LTY1MDQxNzA0LmFtcA?oc=5

97,Speed cameras set to be upgraded in Staffordshire.,"Thu, 30 Mar 2023 07:00:00 GMT",BBC,https://www.bbc.com,https://news.google.com/rss/articles/CBMiLmh0dHBzOi8vd3d3LmJiYy5jb20vbmV3cy9hcnRpY2xlcy9jOXIwMHZra3FrcG_SAQA?oc=5

98,Bob Lee dead: Cash App founder dies after San Francisco stabbing.,"Thu, 06 Apr 2023 07:00:00 GMT",BBC,https://www.bbc.co.uk,https://news.google.com/rss/articles/CBMiM2h0dHBzOi8vd3d3LmJiYy5jby51ay9uZXdzL3dvcmxkLXVzLWNhbmFkYS02NTE5MTQ2NtIBN2h0dHBzOi8vd3d3LmJiYy5jby51ay9uZXdzL3dvcmxkLXVzLWNhbmFkYS02NTE5MTQ2Ni5hbXA?oc=5

99,Nottingham Trent University plans new sport academy.,"Sat, 01 Apr 2023 07:00:00 GMT",BBC,https://www.bbc.com,https://news.google.com/rss/articles/CBMiPGh0dHBzOi8vd3d3LmJiYy5jb20vbmV3cy91ay1lbmdsYW5kLW5vdHRpbmdoYW1zaGlyZS02NTExNTQ2MdIBQGh0dHBzOi8vd3d3LmJiYy5jb20vbmV3cy91ay1lbmdsYW5kLW5vdHRpbmdoYW1zaGlyZS02NTExNTQ2MS5hbXA?oc=5

100,Ukraine rapidly expanding its 'Army of Drones' for front line.,"Tue, 25 Apr 2023 23:02:08 GMT",BBC,https://www.bbc.com,https://news.google.com/rss/articles/CBMiLGh0dHBzOi8vd3d3LmJiYy5jb20vbmV3cy90ZWNobm9sb2d5LTY1Mzg5MjE10gEwaHR0cHM6Ly93d3cuYmJjLmNvbS9uZXdzL3RlY2hub2xvZ3ktNjUzODkyMTUuYW1w?oc=5

101,New rules ban subscription traps and fake reviews.,"Tue, 25 Apr 2023 08:49:42 GMT",BBC,https://www.bbc.com,https://news.google.com/rss/articles/CBMiLGh0dHBzOi8vd3d3LmJiYy5jb20vbmV3cy90ZWNobm9sb2d5LTY1Mzc3Nzkz0gEwaHR0cHM6Ly93d3cuYmJjLmNvbS9uZXdzL3RlY2hub2xvZ3ktNjUzNzc3OTMuYW1w?oc=5

103,Twitter's blue tick restored to high profile accounts.,"Sun, 23 Apr 2023 09:53:59 GMT",BBC,https://www.bbc.com,https://news.google.com/rss/articles/CBMiLGh0dHBzOi8vd3d3LmJiYy5jb20vbmV3cy90ZWNobm9sb2d5LTY1MzY1MzY20gEwaHR0cHM6Ly93d3cuYmJjLmNvbS9uZXdzL3RlY2hub2xvZ3ktNjUzNjUzNjYuYW1w?oc=5

104,WhatsApp and other messaging apps oppose 'surveillance'.,"Tue, 18 Apr 2023 12:46:55 GMT",BBC,https://www.bbc.com,https://news.google.com/rss/articles/CBMiLGh0dHBzOi8vd3d3LmJiYy5jb20vbmV3cy90ZWNobm9sb2d5LTY1MzAxNTEw0gEwaHR0cHM6Ly93d3cuYmJjLmNvbS9uZXdzL3RlY2hub2xvZ3ktNjUzMDE1MTAuYW1w?oc=5

105,The tech entrepreneur betting he can get younger.,"Thu, 20 Apr 2023 23:01:42 GMT",BBC,https://www.bbc.com,https://news.google.com/rss/articles/CBMiKmh0dHBzOi8vd3d3LmJiYy5jb20vbmV3cy9idXNpbmVzcy02NTIzODc3NNIBLmh0dHBzOi8vd3d3LmJiYy5jb20vbmV3cy9idXNpbmVzcy02NTIzODc3NC5hbXA?oc=5

106,Facebook work filtering posts 'cost me my humanity'.,"Mon, 24 Apr 2023 23:42:11 GMT",BBC,https://www.bbc.com,https://news.google.com/rss/articles/CBMiLGh0dHBzOi8vd3d3LmJiYy5jb20vbmV3cy90ZWNobm9sb2d5LTY1MzQ2MDYy0gEwaHR0cHM6Ly93d3cuYmJjLmNvbS9uZXdzL3RlY2hub2xvZ3ktNjUzNDYwNjIuYW1w?oc=5

107,Twitter gives fake Disney account verified status.,"Mon, 24 Apr 2023 11:45:05 GMT",BBC,https://www.bbc.com,https://news.google.com/rss/articles/CBMiLGh0dHBzOi8vd3d3LmJiYy5jb20vbmV3cy90ZWNobm9sb2d5LTY1Mzc0NzIz0gEwaHR0cHM6Ly93d3cuYmJjLmNvbS9uZXdzL3RlY2hub2xvZ3ktNjUzNzQ3MjMuYW1w?oc=5

109,US imposes $300m penalty over hard disk drive exports to Huawei.,"Thu, 20 Apr 2023 03:56:46 GMT",BBC,https://www.bbc.com,https://news.google.com/rss/articles/CBMiKmh0dHBzOi8vd3d3LmJiYy5jb20vbmV3cy9idXNpbmVzcy02NTMzMjIwONIBLmh0dHBzOi8vd3d3LmJiYy5jb20vbmV3cy9idXNpbmVzcy02NTMzMjIwOC5hbXA?oc=5

111,ChatGPT: How generative AI could change hiring as we know it.,"Sun, 23 Apr 2023 19:42:19 GMT",BBC,https://www.bbc.com,https://news.google.com/rss/articles/CBMiaWh0dHBzOi8vd3d3LmJiYy5jb20vd29ya2xpZmUvYXJ0aWNsZS8yMDIzMDQxOS1jaGF0Z3B0LWhvdy1nZW5lcmF0aXZlLWFpLWNvdWxkLWNoYW5nZS1oaXJpbmctYXMtd2Uta25vdy1pdNIBAA?oc=5

112,Grimes says anyone can use her voice for AI-generated songs.,"Tue, 25 Apr 2023 10:15:10 GMT",BBC,https://www.bbc.com,https://news.google.com/rss/articles/CBMiNGh0dHBzOi8vd3d3LmJiYy5jb20vbmV3cy9lbnRlcnRhaW5tZW50LWFydHMtNjUzODUzODLSAThodHRwczovL3d3dy5iYmMuY29tL25ld3MvZW50ZXJ0YWlubWVudC1hcnRzLTY1Mzg1MzgyLmFtcA?oc=5

113,Facebook $725m settlement fund opens to US claims.,"Thu, 20 Apr 2023 17:21:26 GMT",BBC,https://www.bbc.com,https://news.google.com/rss/articles/CBMiLGh0dHBzOi8vd3d3LmJiYy5jb20vbmV3cy90ZWNobm9sb2d5LTY1MzM4OTE20gEwaHR0cHM6Ly93d3cuYmJjLmNvbS9uZXdzL3RlY2hub2xvZ3ktNjUzMzg5MTYuYW1w?oc=5

115,Buzzfeed News to close as media firm cuts jobs.,"Thu, 20 Apr 2023 18:35:36 GMT",BBC,https://www.bbc.com,https://news.google.com/rss/articles/CBMiIWh0dHBzOi8vd3d3LmJiYy5jb20vbmV3cy82NTM0MTQ1MNIBJWh0dHBzOi8vd3d3LmJiYy5jb20vbmV3cy82NTM0MTQ1MC5hbXA?oc=5

116,North Yorkshire Council to make EV charging points available to all.,"Wed, 26 Apr 2023 05:01:06 GMT",BBC,https://www.bbc.com,https://news.google.com/rss/articles/CBMiQWh0dHBzOi8vd3d3LmJiYy5jb20vbmV3cy91ay1lbmdsYW5kLXlvcmstbm9ydGgteW9ya3NoaXJlLTY1Mzg4MTEy0gFFaHR0cHM6Ly93d3cuYmJjLmNvbS9uZXdzL3VrLWVuZ2xhbmQteW9yay1ub3J0aC15b3Jrc2hpcmUtNjUzODgxMTIuYW1w?oc=5

117,Keyless Mercedes theft victim in 'complete shock'.,"Tue, 25 Apr 2023 08:40:31 GMT",BBC,https://www.bbc.com,https://news.google.com/rss/articles/CBMiNGh0dHBzOi8vd3d3LmJiYy5jb20vbmV3cy91ay1lbmdsYW5kLWJyaXN0b2wtNjUzNzk4ODjSAThodHRwczovL3d3dy5iYmMuY29tL25ld3MvdWstZW5nbGFuZC1icmlzdG9sLTY1Mzc5ODg4LmFtcA?oc=5

119,Criminal Records Service still disrupted 4 weeks after hack.,"Wed, 19 Apr 2023 13:39:53 GMT",BBC,https://www.bbc.com,https://news.google.com/rss/articles/CBMiLGh0dHBzOi8vd3d3LmJiYy5jb20vbmV3cy90ZWNobm9sb2d5LTY1MzI0MTI10gEwaHR0cHM6Ly93d3cuYmJjLmNvbS9uZXdzL3RlY2hub2xvZ3ktNjUzMjQxMjUuYW1w?oc=5

120,Elon Musk threatens to sue Microsoft over Twitter data.,"Thu, 20 Apr 2023 04:06:19 GMT",BBC,https://www.bbc.com,https://news.google.com/rss/articles/CBMiKmh0dHBzOi8vd3d3LmJiYy5jb20vbmV3cy9idXNpbmVzcy02NTMzMjIwN9IBLmh0dHBzOi8vd3d3LmJiYy5jb20vbmV3cy9idXNpbmVzcy02NTMzMjIwNy5hbXA?oc=5

122,Twitch: Kai Cenat banned from streaming platform.,"Tue, 18 Apr 2023 11:19:17 GMT",BBC,https://www.bbc.com,https://news.google.com/rss/articles/CBMiLGh0dHBzOi8vd3d3LmJiYy5jb20vbmV3cy90ZWNobm9sb2d5LTY1MzA1Njg50gEwaHR0cHM6Ly93d3cuYmJjLmNvbS9uZXdzL3RlY2hub2xvZ3ktNjUzMDU2ODkuYW1w?oc=5

127,Facebook owner Meta sees latest layoffs begin.,"Wed, 19 Apr 2023 19:40:09 GMT",BBC,https://www.bbc.com,https://news.google.com/rss/articles/CBMiKmh0dHBzOi8vd3d3LmJiYy5jb20vbmV3cy9idXNpbmVzcy02NTMzMDMwMdIBLmh0dHBzOi8vd3d3LmJiYy5jb20vbmV3cy9idXNpbmVzcy02NTMzMDMwMS5hbXA?oc=5

128,Google to pay Canadian businessman for destructive search result.,"Thu, 20 Apr 2023 16:11:19 GMT",BBC,https://www.bbc.com,https://news.google.com/rss/articles/CBMiMWh0dHBzOi8vd3d3LmJiYy5jb20vbmV3cy93b3JsZC11cy1jYW5hZGEtNjUzNDA0NDTSATVodHRwczovL3d3dy5iYmMuY29tL25ld3Mvd29ybGQtdXMtY2FuYWRhLTY1MzQwNDQ0LmFtcA?oc=5

129,Asda launches self-driving grocery delivery trial in Park Royal.,"Tue, 18 Apr 2023 07:00:00 GMT",BBC,https://www.bbc.com,https://news.google.com/rss/articles/CBMiLmh0dHBzOi8vd3d3LmJiYy5jb20vbmV3cy9hcnRpY2xlcy9jMHZ6dmo5djg5N2_SATJodHRwczovL3d3dy5iYmMuY29tL25ld3MvYXJ0aWNsZXMvYzB2enZqOXY4OTdvLmFtcA?oc=5

133,"Man's death on M1 shows risk of future smart motorway deaths, says coroner.","Mon, 24 Apr 2023 05:27:28 GMT",BBC,https://www.bbc.com,https://news.google.com/rss/articles/CBMiPWh0dHBzOi8vd3d3LmJiYy5jb20vbmV3cy91ay1lbmdsYW5kLW5vcnRoYW1wdG9uc2hpcmUtNjUzNDkyNDPSAUFodHRwczovL3d3dy5iYmMuY29tL25ld3MvdWstZW5nbGFuZC1ub3J0aGFtcHRvbnNoaXJlLTY1MzQ5MjQzLmFtcA?oc=5

141,Is time up for Twitter?.,"Fri, 21 Apr 2023 12:03:29 GMT",BBC,https://www.bbc.co.uk,https://news.google.com/rss/articles/CBMiLmh0dHBzOi8vd3d3LmJiYy5jby51ay9uZXdzL3RlY2hub2xvZ3ktNjUzNDgxNzHSATJodHRwczovL3d3dy5iYmMuY28udWsvbmV3cy90ZWNobm9sb2d5LTY1MzQ4MTcxLmFtcA?oc=5

143,Jersey could get faster internet mobile services with 5G rollout.,"Tue, 18 Apr 2023 07:00:00 GMT",BBC,https://www.bbc.com,https://news.google.com/rss/articles/CBMiNWh0dHBzOi8vd3d3LmJiYy5jb20vbmV3cy93b3JsZC1ldXJvcGUtamVyc2V5LTY1MzA4OTY40gE5aHR0cHM6Ly93d3cuYmJjLmNvbS9uZXdzL3dvcmxkLWV1cm9wZS1qZXJzZXktNjUzMDg5NjguYW1w?oc=5

144,Europe agrees new law to curb Big Tech dominance.,"Fri, 25 Mar 2022 07:00:00 GMT",BBC,https://www.bbc.com,https://news.google.com/rss/articles/CBMiLGh0dHBzOi8vd3d3LmJiYy5jb20vbmV3cy90ZWNobm9sb2d5LTYwODcwMjg30gEwaHR0cHM6Ly93d3cuYmJjLmNvbS9uZXdzL3RlY2hub2xvZ3ktNjA4NzAyODcuYW1w?oc=5

145,Trump's Truth Social app branded a disaster.,"Mon, 04 Apr 2022 07:00:00 GMT",BBC,https://www.bbc.com,https://news.google.com/rss/articles/CBMiLGh0dHBzOi8vd3d3LmJiYy5jb20vbmV3cy90ZWNobm9sb2d5LTYwOTIyNzE30gEA?oc=5

146,Chinese drone firm DJI pauses operations in Russia and Ukraine.,"Wed, 27 Apr 2022 07:00:00 GMT",BBC,https://www.bbc.com,https://news.google.com/rss/articles/CBMiLGh0dHBzOi8vd3d3LmJiYy5jb20vbmV3cy90ZWNobm9sb2d5LTYxMTc5MDIy0gEwaHR0cHM6Ly93d3cuYmJjLmNvbS9uZXdzL3RlY2hub2xvZ3ktNjExNzkwMjIuYW1w?oc=5

147,Foreign Office target of 'serious cyber incident'.,"Tue, 08 Feb 2022 08:00:00 GMT",BBC,https://www.bbc.com,https://news.google.com/rss/articles/CBMiLGh0dHBzOi8vd3d3LmJiYy5jb20vbmV3cy90ZWNobm9sb2d5LTYwMzA5MzM10gEwaHR0cHM6Ly93d3cuYmJjLmNvbS9uZXdzL3RlY2hub2xvZ3ktNjAzMDkzMzUuYW1w?oc=5

148,Facial recognition plan 'hammer blow to privacy' claim.,"Tue, 22 Mar 2022 07:00:00 GMT",BBC,https://www.bbc.com,https://news.google.com/rss/articles/CBMiKmh0dHBzOi8vd3d3LmJiYy5jb20vbmV3cy91ay13YWxlcy02MDgzMTgxNtIBLmh0dHBzOi8vd3d3LmJiYy5jb20vbmV3cy91ay13YWxlcy02MDgzMTgxNi5hbXA?oc=5

149,Energy supplier counts cost of devices on standby.,"Wed, 27 Apr 2022 07:00:00 GMT",BBC,https://www.bbc.com,https://news.google.com/rss/articles/CBMiLGh0dHBzOi8vd3d3LmJiYy5jb20vbmV3cy90ZWNobm9sb2d5LTYxMjM1MzY30gEwaHR0cHM6Ly93d3cuYmJjLmNvbS9uZXdzL3RlY2hub2xvZ3ktNjEyMzUzNjcuYW1w?oc=5

150,Metaverse app allows kids into virtual strip clubs.,"Wed, 23 Feb 2022 08:00:00 GMT",BBC,https://www.bbc.com,https://news.google.com/rss/articles/CBMiLGh0dHBzOi8vd3d3LmJiYy5jb20vbmV3cy90ZWNobm9sb2d5LTYwNDE1MzE30gEwaHR0cHM6Ly93d3cuYmJjLmNvbS9uZXdzL3RlY2hub2xvZ3ktNjA0MTUzMTcuYW1w?oc=5

151,Supermarket cameras to guess age of alcohol buyers.,"Wed, 02 Feb 2022 08:00:00 GMT",BBC,https://www.bbc.com,https://news.google.com/rss/articles/CBMiLGh0dHBzOi8vd3d3LmJiYy5jb20vbmV3cy90ZWNobm9sb2d5LTYwMjE1MjU40gEwaHR0cHM6Ly93d3cuYmJjLmNvbS9uZXdzL3RlY2hub2xvZ3ktNjAyMTUyNTguYW1w?oc=5

152,SpaceX: Can meat be grown in space?.,"Mon, 25 Apr 2022 07:00:00 GMT",BBC,https://www.bbc.com,https://news.google.com/rss/articles/CBMiLGh0dHBzOi8vd3d3LmJiYy5jb20vbmV3cy90ZWNobm9sb2d5LTYxMTE2MDE40gEwaHR0cHM6Ly93d3cuYmJjLmNvbS9uZXdzL3RlY2hub2xvZ3ktNjExMTYwMTguYW1w?oc=5

153,Infosys: Tech firm part-owned by Chancellor Rishi Sunak's wife closing Russia office.,"Fri, 01 Apr 2022 07:00:00 GMT",BBC,https://www.bbc.com,https://news.google.com/rss/articles/CBMiLWh0dHBzOi8vd3d3LmJiYy5jb20vbmV3cy91ay1wb2xpdGljcy02MDk1MjA2M9IBMWh0dHBzOi8vd3d3LmJiYy5jb20vbmV3cy91ay1wb2xpdGljcy02MDk1MjA2My5hbXA?oc=5

154,Apple unveils AirTag safety guide amid stalker fears.,"Fri, 28 Jan 2022 08:00:00 GMT",BBC,https://www.bbc.com,https://news.google.com/rss/articles/CBMiLGh0dHBzOi8vd3d3LmJiYy5jb20vbmV3cy90ZWNobm9sb2d5LTYwMTY0ODQ30gEwaHR0cHM6Ly93d3cuYmJjLmNvbS9uZXdzL3RlY2hub2xvZ3ktNjAxNjQ4NDcuYW1w?oc=5

155,Rory Cellan-Jones's Twitter star dog dies.,"Sat, 29 Jan 2022 08:00:00 GMT",BBC,https://www.bbc.com,https://news.google.com/rss/articles/CBMiM2h0dHBzOi8vd3d3LmJiYy5jb20vbmV3cy91ay1lbmdsYW5kLWxvbmRvbi02MDE4MDY4NtIBN2h0dHBzOi8vd3d3LmJiYy5jb20vbmV3cy91ay1lbmdsYW5kLWxvbmRvbi02MDE4MDY4Ni5hbXA?oc=5

156,Ukraine war 'catastrophic for global food'.,"Mon, 07 Mar 2022 08:00:00 GMT",BBC,https://www.bbc.com,https://news.google.com/rss/articles/CBMiKmh0dHBzOi8vd3d3LmJiYy5jb20vbmV3cy9idXNpbmVzcy02MDYyMzk0MdIBLmh0dHBzOi8vd3d3LmJiYy5jb20vbmV3cy9idXNpbmVzcy02MDYyMzk0MS5hbXA?oc=5

157,"Parkinson's disease symptoms 'reversed' by mini implant, trial suggests.","Tue, 26 Apr 2022 07:00:00 GMT",BBC,https://www.bbc.com,https://news.google.com/rss/articles/CBMiNGh0dHBzOi8vd3d3LmJiYy5jb20vbmV3cy91ay1lbmdsYW5kLWJyaXN0b2wtNjEyMTUyNDHSAThodHRwczovL3d3dy5iYmMuY29tL25ld3MvdWstZW5nbGFuZC1icmlzdG9sLTYxMjE1MjQxLmFtcA?oc=5

158,"Tanis: Fossil found of dinosaur killed in asteroid strike, scientists claim.","Wed, 06 Apr 2022 07:00:00 GMT",BBC,https://www.bbc.com,https://news.google.com/rss/articles/CBMiNWh0dHBzOi8vd3d3LmJiYy5jb20vbmV3cy9zY2llbmNlLWVudmlyb25tZW50LTYxMDEzNzQw0gE5aHR0cHM6Ly93d3cuYmJjLmNvbS9uZXdzL3NjaWVuY2UtZW52aXJvbm1lbnQtNjEwMTM3NDAuYW1w?oc=5

159,Facebook hits out at Russia blocking its platforms.,"Fri, 04 Mar 2022 08:00:00 GMT",BBC,https://www.bbc.co.uk,https://news.google.com/rss/articles/CBMiLmh0dHBzOi8vd3d3LmJiYy5jby51ay9uZXdzL3RlY2hub2xvZ3ktNjA2MjY3NzfSATJodHRwczovL3d3dy5iYmMuY28udWsvbmV3cy90ZWNobm9sb2d5LTYwNjI2Nzc3LmFtcA?oc=5

160,Dairy giant Arla warns of supply issues unless farmers paid more.,"Fri, 25 Mar 2022 07:00:00 GMT",BBC,https://www.bbc.com,https://news.google.com/rss/articles/CBMiKmh0dHBzOi8vd3d3LmJiYy5jb20vbmV3cy9idXNpbmVzcy02MDgyNTUxNtIBLmh0dHBzOi8vd3d3LmJiYy5jb20vbmV3cy9idXNpbmVzcy02MDgyNTUxNi5hbXA?oc=5

163,Backlash after Bank boss says don't ask for big pay rise.,"Fri, 04 Feb 2022 08:00:00 GMT",BBC,https://www.bbc.com,https://news.google.com/rss/articles/CBMiKmh0dHBzOi8vd3d3LmJiYy5jb20vbmV3cy9idXNpbmVzcy02MDI1MjM0MNIBLmh0dHBzOi8vd3d3LmJiYy5jb20vbmV3cy9idXNpbmVzcy02MDI1MjM0MC5hbXA?oc=5

165,Bionic eyes: Obsolete tech leaves patients in the dark.,"Thu, 17 Feb 2022 08:00:00 GMT",BBC,https://www.bbc.com,https://news.google.com/rss/articles/CBMiLGh0dHBzOi8vd3d3LmJiYy5jb20vbmV3cy90ZWNobm9sb2d5LTYwNDE2MDU40gEwaHR0cHM6Ly93d3cuYmJjLmNvbS9uZXdzL3RlY2hub2xvZ3ktNjA0MTYwNTguYW1w?oc=5

166,Bionic eye tech aims to help blind people see.,"Mon, 14 Feb 2022 08:00:00 GMT",BBC,https://www.bbc.com,https://news.google.com/rss/articles/CBMiKmh0dHBzOi8vd3d3LmJiYy5jb20vbmV3cy9idXNpbmVzcy02MDMxNjIyNNIBLmh0dHBzOi8vd3d3LmJiYy5jb20vbmV3cy9idXNpbmVzcy02MDMxNjIyNC5hbXA?oc=5

167,Rise of the five-year-old 'TikTots'.,"Tue, 29 Mar 2022 07:00:00 GMT",BBC,https://www.bbc.com,https://news.google.com/rss/articles/CBMiLGh0dHBzOi8vd3d3LmJiYy5jb20vbmV3cy90ZWNobm9sb2d5LTYwODU0ODg10gEwaHR0cHM6Ly93d3cuYmJjLmNvbS9uZXdzL3RlY2hub2xvZ3ktNjA4NTQ4ODUuYW1w?oc=5

168,What is the quantum apocalypse and should we be scared?.,"Thu, 27 Jan 2022 08:00:00 GMT",BBC,https://www.bbc.com,https://news.google.com/rss/articles/CBMiLGh0dHBzOi8vd3d3LmJiYy5jb20vbmV3cy90ZWNobm9sb2d5LTYwMTQ0NDk40gEwaHR0cHM6Ly93d3cuYmJjLmNvbS9uZXdzL3RlY2hub2xvZ3ktNjAxNDQ0OTguYW1w?oc=5

169,People devote third of waking time to mobile apps.,"Wed, 12 Jan 2022 08:00:00 GMT",BBC,https://www.bbc.com,https://news.google.com/rss/articles/CBMiLGh0dHBzOi8vd3d3LmJiYy5jb20vbmV3cy90ZWNobm9sb2d5LTU5OTUyNTU30gEwaHR0cHM6Ly93d3cuYmJjLmNvbS9uZXdzL3RlY2hub2xvZ3ktNTk5NTI1NTcuYW1w?oc=5

170,Why Nasa is exploring the deepest oceans on Earth.,"Thu, 13 Jan 2022 08:00:00 GMT",BBC,https://www.bbc.com,https://news.google.com/rss/articles/CBMiXWh0dHBzOi8vd3d3LmJiYy5jb20vZnV0dXJlL2FydGljbGUvMjAyMjAxMTEtd2h5LW5hc2EtaXMtZXhwbG9yaW5nLXRoZS1kZWVwZXN0LW9jZWFucy1vbi1lYXJ0aNIBAA?oc=5

171,Warning travel problems could continue into summer.,"Tue, 12 Apr 2022 07:00:00 GMT",BBC,https://www.bbc.com,https://news.google.com/rss/articles/CBMiJGh0dHBzOi8vd3d3LmJiYy5jb20vbmV3cy91ay02MTA3ODg1NdIBKGh0dHBzOi8vd3d3LmJiYy5jb20vbmV3cy91ay02MTA3ODg1NS5hbXA?oc=5

172,Lapsus$: Oxford teen accused of being multi-millionaire cyber-criminal.,"Thu, 24 Mar 2022 07:00:00 GMT",BBC,https://www.bbc.com,https://news.google.com/rss/articles/CBMiLGh0dHBzOi8vd3d3LmJiYy5jb20vbmV3cy90ZWNobm9sb2d5LTYwODY0Mjgz0gEwaHR0cHM6Ly93d3cuYmJjLmNvbS9uZXdzL3RlY2hub2xvZ3ktNjA4NjQyODMuYW1w?oc=5

173,How facial recognition is identifying the dead in Ukraine.,"Wed, 13 Apr 2022 07:00:00 GMT",BBC,https://www.bbc.com,https://news.google.com/rss/articles/CBMiLGh0dHBzOi8vd3d3LmJiYy5jb20vbmV3cy90ZWNobm9sb2d5LTYxMDU1MzE50gEwaHR0cHM6Ly93d3cuYmJjLmNvbS9uZXdzL3RlY2hub2xvZ3ktNjEwNTUzMTkuYW1w?oc=5

174,Ukraine's tech community rises to challenges of war.,"Wed, 02 Mar 2022 08:00:00 GMT",BBC,https://www.bbc.com,https://news.google.com/rss/articles/CBMiLGh0dHBzOi8vd3d3LmJiYy5jb20vbmV3cy90ZWNobm9sb2d5LTYwNTU5MDE00gEwaHR0cHM6Ly93d3cuYmJjLmNvbS9uZXdzL3RlY2hub2xvZ3ktNjA1NTkwMTQuYW1w?oc=5

175,"Younger workers will benefit from return to office, says boss.","Mon, 24 Jan 2022 08:00:00 GMT",BBC,https://www.bbc.com,https://news.google.com/rss/articles/CBMiKmh0dHBzOi8vd3d3LmJiYy5jb20vbmV3cy9idXNpbmVzcy02MDA4MzcwNNIBLmh0dHBzOi8vd3d3LmJiYy5jb20vbmV3cy9idXNpbmVzcy02MDA4MzcwNC5hbXA?oc=5

176,Mental health helpline ends data-sharing relationship.,"Wed, 02 Feb 2022 08:00:00 GMT",BBC,https://www.bbc.com,https://news.google.com/rss/articles/CBMiLGh0dHBzOi8vd3d3LmJiYy5jb20vbmV3cy90ZWNobm9sb2d5LTYwMjE4ODk00gEwaHR0cHM6Ly93d3cuYmJjLmNvbS9uZXdzL3RlY2hub2xvZ3ktNjAyMTg4OTQuYW1w?oc=5

177,Wiltshire Police 'Digi-dogs' trained to sniff out technology.,"Fri, 28 Jan 2022 08:00:00 GMT",BBC,https://www.bbc.com,https://news.google.com/rss/articles/CBMiNmh0dHBzOi8vd3d3LmJiYy5jb20vbmV3cy91ay1lbmdsYW5kLXdpbHRzaGlyZS02MDE2NjkwNNIBOmh0dHBzOi8vd3d3LmJiYy5jb20vbmV3cy91ay1lbmdsYW5kLXdpbHRzaGlyZS02MDE2NjkwNC5hbXA?oc=5

178,Ukraine crisis: Russian news agency deletes victory editorial.,"Mon, 28 Feb 2022 08:00:00 GMT",BBC,https://www.bbc.com,https://news.google.com/rss/articles/CBMiLGh0dHBzOi8vd3d3LmJiYy5jb20vbmV3cy90ZWNobm9sb2d5LTYwNTYyMjQw0gEwaHR0cHM6Ly93d3cuYmJjLmNvbS9uZXdzL3RlY2hub2xvZ3ktNjA1NjIyNDAuYW1w?oc=5

179,Anonymous: How hackers are trying to undermine Putin.,"Sun, 20 Mar 2022 07:00:00 GMT",BBC,https://www.bbc.com,https://news.google.com/rss/articles/CBMiLGh0dHBzOi8vd3d3LmJiYy5jb20vbmV3cy90ZWNobm9sb2d5LTYwNzg0NTI20gEwaHR0cHM6Ly93d3cuYmJjLmNvbS9uZXdzL3RlY2hub2xvZ3ktNjA3ODQ1MjYuYW1w?oc=5

181,Ukraine crisis: 'Wiper' discovered in latest cyber-attacks.,"Thu, 24 Feb 2022 08:00:00 GMT",BBC,https://www.bbc.com,https://news.google.com/rss/articles/CBMiLGh0dHBzOi8vd3d3LmJiYy5jb20vbmV3cy90ZWNobm9sb2d5LTYwNTAwNjE40gEwaHR0cHM6Ly93d3cuYmJjLmNvbS9uZXdzL3RlY2hub2xvZ3ktNjA1MDA2MTguYW1w?oc=5

182,"Beer prices will have to rise, says Cobra founder.","Mon, 07 Feb 2022 08:00:00 GMT",BBC,https://www.bbc.com,https://news.google.com/rss/articles/CBMiKmh0dHBzOi8vd3d3LmJiYy5jb20vbmV3cy9idXNpbmVzcy02MDI4NzAwN9IBLmh0dHBzOi8vd3d3LmJiYy5jb20vbmV3cy9idXNpbmVzcy02MDI4NzAwNy5hbXA?oc=5

183,"Apple, Nike and Google join brands limiting services.","Wed, 02 Mar 2022 08:00:00 GMT",BBC,https://www.bbc.com,https://news.google.com/rss/articles/CBMiLGh0dHBzOi8vd3d3LmJiYy5jb20vbmV3cy90ZWNobm9sb2d5LTYwNTc5NjQx0gEwaHR0cHM6Ly93d3cuYmJjLmNvbS9uZXdzL3RlY2hub2xvZ3ktNjA1Nzk2NDEuYW1w?oc=5

184,74% of ransomware revenue goes to Russia-linked hackers.,"Mon, 14 Feb 2022 08:00:00 GMT",BBC,https://www.bbc.com,https://news.google.com/rss/articles/CBMiLGh0dHBzOi8vd3d3LmJiYy5jb20vbmV3cy90ZWNobm9sb2d5LTYwMzc4MDA50gEwaHR0cHM6Ly93d3cuYmJjLmNvbS9uZXdzL3RlY2hub2xvZ3ktNjAzNzgwMDkuYW1w?oc=5

187,CES 2022: Colour changing cars and remotes that eat wi-fi.,"Fri, 07 Jan 2022 08:00:00 GMT",BBC,https://www.bbc.com,https://news.google.com/rss/articles/CBMiLGh0dHBzOi8vd3d3LmJiYy5jb20vbmV3cy90ZWNobm9sb2d5LTU5ODk1MDc50gEwaHR0cHM6Ly93d3cuYmJjLmNvbS9uZXdzL3RlY2hub2xvZ3ktNTk4OTUwNzkuYW1w?oc=5

188,Deplorable scam emails fake fundraising for Ukraine.,"Wed, 23 Mar 2022 07:00:00 GMT",BBC,https://www.bbc.com,https://news.google.com/rss/articles/CBMiLGh0dHBzOi8vd3d3LmJiYy5jb20vbmV3cy90ZWNobm9sb2d5LTYwODM2OTYy0gEwaHR0cHM6Ly93d3cuYmJjLmNvbS9uZXdzL3RlY2hub2xvZ3ktNjA4MzY5NjIuYW1w?oc=5

189,Ukraine invasion: How the war is being waged online.,"Mon, 28 Feb 2022 08:00:00 GMT",BBC,https://www.bbc.com,https://news.google.com/rss/articles/CBMiLGh0dHBzOi8vd3d3LmJiYy5jb20vbmV3cy90ZWNobm9sb2d5LTYwNTU5MDEx0gEwaHR0cHM6Ly93d3cuYmJjLmNvbS9uZXdzL3RlY2hub2xvZ3ktNjA1NTkwMTEuYW1w?oc=5

190,The microchip implants that let you pay with your hand.,"Mon, 11 Apr 2022 07:00:00 GMT",BBC,https://www.bbc.com,https://news.google.com/rss/articles/CBMiKmh0dHBzOi8vd3d3LmJiYy5jb20vbmV3cy9idXNpbmVzcy02MTAwODczMNIBLmh0dHBzOi8vd3d3LmJiYy5jb20vbmV3cy9idXNpbmVzcy02MTAwODczMC5hbXA?oc=5

191,Musk: Robots to be bigger business than Tesla cars.,"Thu, 27 Jan 2022 08:00:00 GMT",BBC,https://www.bbc.com,https://news.google.com/rss/articles/CBMiLGh0dHBzOi8vd3d3LmJiYy5jb20vbmV3cy90ZWNobm9sb2d5LTYwMTU0Nzgy0gEwaHR0cHM6Ly93d3cuYmJjLmNvbS9uZXdzL3RlY2hub2xvZ3ktNjAxNTQ3ODIuYW1w?oc=5

192,Self-driving car stopped by San Francisco police.,"Tue, 12 Apr 2022 07:00:00 GMT",BBC,https://www.bbc.com,https://news.google.com/rss/articles/CBMiLGh0dHBzOi8vd3d3LmJiYy5jb20vbmV3cy90ZWNobm9sb2d5LTYxMDgwNjY20gEwaHR0cHM6Ly93d3cuYmJjLmNvbS9uZXdzL3RlY2hub2xvZ3ktNjEwODA2NjYuYW1w?oc=5

193,"Filter out 'unverified' accounts, tech giants told.","Fri, 25 Feb 2022 08:00:00 GMT",BBC,https://www.bbc.com,https://news.google.com/rss/articles/CBMiLGh0dHBzOi8vd3d3LmJiYy5jb20vbmV3cy90ZWNobm9sb2d5LTYwNTI1MjI40gEwaHR0cHM6Ly93d3cuYmJjLmNvbS9uZXdzL3RlY2hub2xvZ3ktNjA1MjUyMjguYW1w?oc=5

195,Major breakthrough on nuclear fusion energy.,"Wed, 09 Feb 2022 08:00:00 GMT",BBC,https://www.bbc.com,https://news.google.com/rss/articles/CBMiNWh0dHBzOi8vd3d3LmJiYy5jb20vbmV3cy9zY2llbmNlLWVudmlyb25tZW50LTYwMzEyNjMz0gE5aHR0cHM6Ly93d3cuYmJjLmNvbS9uZXdzL3NjaWVuY2UtZW52aXJvbm1lbnQtNjAzMTI2MzMuYW1w?oc=5

196,M&S sorry after shopper got 100 wrong parcel texts.,"Sun, 27 Mar 2022 07:00:00 GMT",BBC,https://www.bbc.com,https://news.google.com/rss/articles/CBMiKmh0dHBzOi8vd3d3LmJiYy5jb20vbmV3cy9idXNpbmVzcy02MDc1ODM1MdIBLmh0dHBzOi8vd3d3LmJiYy5jb20vbmV3cy9idXNpbmVzcy02MDc1ODM1MS5hbXA?oc=5

197,Ronin Network: What a $600m hack says about the state of crypto.,"Wed, 30 Mar 2022 07:00:00 GMT",BBC,https://www.bbc.com,https://news.google.com/rss/articles/CBMiLGh0dHBzOi8vd3d3LmJiYy5jb20vbmV3cy90ZWNobm9sb2d5LTYwOTMzMTc00gEwaHR0cHM6Ly93d3cuYmJjLmNvbS9uZXdzL3RlY2hub2xvZ3ktNjA5MzMxNzQuYW1w?oc=5

198,"Virgin Hyperloop to focus on cargo, not people.","Wed, 23 Feb 2022 08:00:00 GMT",BBC,https://www.bbc.com,https://news.google.com/rss/articles/CBMiLGh0dHBzOi8vd3d3LmJiYy5jb20vbmV3cy90ZWNobm9sb2d5LTYwNDc4NzE50gEwaHR0cHM6Ly93d3cuYmJjLmNvbS9uZXdzL3RlY2hub2xvZ3ktNjA0Nzg3MTkuYW1w?oc=5

199,Major legal changes needed for driverless car era.,"Wed, 26 Jan 2022 08:00:00 GMT",BBC,https://www.bbc.com,https://news.google.com/rss/articles/CBMiLGh0dHBzOi8vd3d3LmJiYy5jb20vbmV3cy90ZWNobm9sb2d5LTYwMTI2MDE00gEwaHR0cHM6Ly93d3cuYmJjLmNvbS9uZXdzL3RlY2hub2xvZ3ktNjAxMjYwMTQuYW1w?oc=5

200,True story? Lie detection systems go high-tech.,"Mon, 31 Jan 2022 08:00:00 GMT",BBC,https://www.bbc.com,https://news.google.com/rss/articles/CBMiKmh0dHBzOi8vd3d3LmJiYy5jb20vbmV3cy9idXNpbmVzcy02MDE1MzEyOdIBLmh0dHBzOi8vd3d3LmJiYy5jb20vbmV3cy9idXNpbmVzcy02MDE1MzEyOS5hbXA?oc=5

201,Google slammed over ad-cookie replacement flip-flop.,"Wed, 26 Jan 2022 08:00:00 GMT",BBC,https://www.bbc.com,https://news.google.com/rss/articles/CBMiLGh0dHBzOi8vd3d3LmJiYy5jb20vbmV3cy90ZWNobm9sb2d5LTYwMTM4ODc20gEwaHR0cHM6Ly93d3cuYmJjLmNvbS9uZXdzL3RlY2hub2xvZ3ktNjAxMzg4NzYuYW1w?oc=5

202,Elon Musk's brain chip firm denies animal cruelty claims.,"Tue, 15 Feb 2022 08:00:00 GMT",BBC,https://www.bbc.com,https://news.google.com/rss/articles/CBMiLGh0dHBzOi8vd3d3LmJiYy5jb20vbmV3cy90ZWNobm9sb2d5LTYwMzkxMDk50gEwaHR0cHM6Ly93d3cuYmJjLmNvbS9uZXdzL3RlY2hub2xvZ3ktNjAzOTEwOTkuYW1w?oc=5

203,How will Tonga's broken internet cable be mended?.,"Mon, 24 Jan 2022 08:00:00 GMT",BBC,https://www.bbc.com,https://news.google.com/rss/articles/CBMiLGh0dHBzOi8vd3d3LmJiYy5jb20vbmV3cy90ZWNobm9sb2d5LTYwMDY5MDY20gEwaHR0cHM6Ly93d3cuYmJjLmNvbS9uZXdzL3RlY2hub2xvZ3ktNjAwNjkwNjYuYW1w?oc=5

204,Twitter moves to limit Russian government accounts.,"Tue, 05 Apr 2022 07:00:00 GMT",BBC,https://www.bbc.com,https://news.google.com/rss/articles/CBMiLGh0dHBzOi8vd3d3LmJiYy5jb20vbmV3cy90ZWNobm9sb2d5LTYwOTkyMzcz0gEwaHR0cHM6Ly93d3cuYmJjLmNvbS9uZXdzL3RlY2hub2xvZ3ktNjA5OTIzNzMuYW1w?oc=5

205,The three Russian cyber-attacks the West most fears.,"Tue, 22 Mar 2022 07:00:00 GMT",BBC,https://www.bbc.com,https://news.google.com/rss/articles/CBMiLGh0dHBzOi8vd3d3LmJiYy5jb20vbmV3cy90ZWNobm9sb2d5LTYwODQxOTI00gEwaHR0cHM6Ly93d3cuYmJjLmNvbS9uZXdzL3RlY2hub2xvZ3ktNjA4NDE5MjQuYW1w?oc=5

206,Ukraine: Spam website set up to reach millions of Russians.,"Sat, 12 Mar 2022 08:00:00 GMT",BBC,https://www.bbc.com,https://news.google.com/rss/articles/CBMiLGh0dHBzOi8vd3d3LmJiYy5jb20vbmV3cy90ZWNobm9sb2d5LTYwNjk3MjYx0gEwaHR0cHM6Ly93d3cuYmJjLmNvbS9uZXdzL3RlY2hub2xvZ3ktNjA2OTcyNjEuYW1w?oc=5

207,"Truth Social: Banned from Twitter, Trump returns with a new platform.","Mon, 21 Feb 2022 08:00:00 GMT",BBC,https://www.bbc.com,https://news.google.com/rss/articles/CBMiLGh0dHBzOi8vd3d3LmJiYy5jb20vbmV3cy90ZWNobm9sb2d5LTYwNDE5MDA40gEwaHR0cHM6Ly93d3cuYmJjLmNvbS9uZXdzL3RlY2hub2xvZ3ktNjA0MTkwMDguYW1w?oc=5

208,"Russia hacked Ukrainian satellite communications, officials believe.","Fri, 25 Mar 2022 07:00:00 GMT",BBC,https://www.bbc.com,https://news.google.com/rss/articles/CBMiLGh0dHBzOi8vd3d3LmJiYy5jb20vbmV3cy90ZWNobm9sb2d5LTYwNzk2MDc50gEwaHR0cHM6Ly93d3cuYmJjLmNvbS9uZXdzL3RlY2hub2xvZ3ktNjA3OTYwNzkuYW1w?oc=5

209,Russia-Ukraine: Is internet on verge of break-up?.,"Wed, 09 Mar 2022 08:00:00 GMT",BBC,https://www.bbc.com,https://news.google.com/rss/articles/CBMiLGh0dHBzOi8vd3d3LmJiYy5jb20vbmV3cy90ZWNobm9sb2d5LTYwNjYxOTg30gEwaHR0cHM6Ly93d3cuYmJjLmNvbS9uZXdzL3RlY2hub2xvZ3ktNjA2NjE5ODcuYW1w?oc=5

210,Heineken launches virtual beer in self-mocking metaverse 'joke'.,"Fri, 18 Mar 2022 07:00:00 GMT",BBC,https://www.bbc.com,https://news.google.com/rss/articles/CBMiLGh0dHBzOi8vd3d3LmJiYy5jb20vbmV3cy90ZWNobm9sb2d5LTYwNzkzODQ30gEwaHR0cHM6Ly93d3cuYmJjLmNvbS9uZXdzL3RlY2hub2xvZ3ktNjA3OTM4NDcuYW1w?oc=5

211,How Kremlin accounts manipulate Twitter.,"Sat, 19 Mar 2022 07:00:00 GMT",BBC,https://www.bbc.com,https://news.google.com/rss/articles/CBMiLGh0dHBzOi8vd3d3LmJiYy5jb20vbmV3cy90ZWNobm9sb2d5LTYwNzkwODIx0gEwaHR0cHM6Ly93d3cuYmJjLmNvbS9uZXdzL3RlY2hub2xvZ3ktNjA3OTA4MjEuYW1w?oc=5

212,Online Harms Bill: Cyber-flashing added to proposed legislation.,"Thu, 17 Mar 2022 07:00:00 GMT",BBC,https://www.bbc.co.uk,https://news.google.com/rss/articles/CBMiLmh0dHBzOi8vd3d3LmJiYy5jby51ay9uZXdzL3RlY2hub2xvZ3ktNjA3NTA0NjPSATJodHRwczovL3d3dy5iYmMuY28udWsvbmV3cy90ZWNobm9sb2d5LTYwNzUwNDYzLmFtcA?oc=5

213,Why BlackBerry held the tiny keys to my heart.,"Wed, 05 Jan 2022 08:00:00 GMT",BBC,https://www.bbc.com,https://news.google.com/rss/articles/CBMiLGh0dHBzOi8vd3d3LmJiYy5jb20vbmV3cy90ZWNobm9sb2d5LTU5ODU5ODE30gEwaHR0cHM6Ly93d3cuYmJjLmNvbS9uZXdzL3RlY2hub2xvZ3ktNTk4NTk4MTcuYW1w?oc=5

214,Hydra: How German police dismantled Russian darknet site.,"Wed, 06 Apr 2022 07:00:00 GMT",BBC,https://www.bbc.com,https://news.google.com/rss/articles/CBMiLGh0dHBzOi8vd3d3LmJiYy5jb20vbmV3cy90ZWNobm9sb2d5LTYxMDAyOTA00gEwaHR0cHM6Ly93d3cuYmJjLmNvbS9uZXdzL3RlY2hub2xvZ3ktNjEwMDI5MDQuYW1w?oc=5

215,How Taiwan used simple tech to help contain Covid-19.,"Fri, 25 Feb 2022 08:00:00 GMT",BBC,https://www.bbc.com,https://news.google.com/rss/articles/CBMiKmh0dHBzOi8vd3d3LmJiYy5jb20vbmV3cy9idXNpbmVzcy02MDQ2MTczMtIBLmh0dHBzOi8vd3d3LmJiYy5jb20vbmV3cy9idXNpbmVzcy02MDQ2MTczMi5hbXA?oc=5

216,The airport tech helping to prevent delayed flights.,"Mon, 07 Feb 2022 08:00:00 GMT",BBC,https://www.bbc.com,https://news.google.com/rss/articles/CBMiKmh0dHBzOi8vd3d3LmJiYy5jb20vbmV3cy9idXNpbmVzcy02MDIyODQzMNIBLmh0dHBzOi8vd3d3LmJiYy5jb20vbmV3cy9idXNpbmVzcy02MDIyODQzMC5hbXA?oc=5

217,What next for Wordle and its fans?.,"Wed, 02 Feb 2022 08:00:00 GMT",BBC,https://www.bbc.com,https://news.google.com/rss/articles/CBMiLGh0dHBzOi8vd3d3LmJiYy5jb20vbmV3cy90ZWNobm9sb2d5LTYwMjE1MjUx0gEwaHR0cHM6Ly93d3cuYmJjLmNvbS9uZXdzL3RlY2hub2xvZ3ktNjAyMTUyNTEuYW1w?oc=5

218,"Use Russian money to rebuild Ukraine, says bank boss.","Thu, 10 Mar 2022 08:00:00 GMT",BBC,https://www.bbc.com,https://news.google.com/rss/articles/CBMiKmh0dHBzOi8vd3d3LmJiYy5jb20vbmV3cy9idXNpbmVzcy02MDY4NDY2MNIBLmh0dHBzOi8vd3d3LmJiYy5jb20vbmV3cy9idXNpbmVzcy02MDY4NDY2MC5hbXA?oc=5

219,Vaccine mandates: 'I lost my job for being unvaccinated'.,"Mon, 24 Jan 2022 08:00:00 GMT",BBC,https://www.bbc.com,https://news.google.com/rss/articles/CBMiKmh0dHBzOi8vd3d3LmJiYy5jb20vbmV3cy9idXNpbmVzcy02MDAwMTE0M9IBLmh0dHBzOi8vd3d3LmJiYy5jb20vbmV3cy9idXNpbmVzcy02MDAwMTE0My5hbXA?oc=5

220,Twitter blocks Russian claims on hospital attack.,"Thu, 10 Mar 2022 08:00:00 GMT",BBC,https://www.bbc.com,https://news.google.com/rss/articles/CBMiLGh0dHBzOi8vd3d3LmJiYy5jb20vbmV3cy90ZWNobm9sb2d5LTYwNzAwNjQy0gEwaHR0cHM6Ly93d3cuYmJjLmNvbS9uZXdzL3RlY2hub2xvZ3ktNjA3MDA2NDIuYW1w?oc=5

221,Twitter: Why Elon Musk has been so keen on taking control.,"Mon, 25 Apr 2022 07:00:00 GMT",BBC,https://www.bbc.com,https://news.google.com/rss/articles/CBMiLGh0dHBzOi8vd3d3LmJiYy5jb20vbmV3cy90ZWNobm9sb2d5LTYxMjIyNzkz0gEwaHR0cHM6Ly93d3cuYmJjLmNvbS9uZXdzL3RlY2hub2xvZ3ktNjEyMjI3OTMuYW1w?oc=5

222,"Ukraine war is economic catastrophe, warns World Bank.","Fri, 04 Mar 2022 08:00:00 GMT",BBC,https://www.bbc.com,https://news.google.com/rss/articles/CBMiKmh0dHBzOi8vd3d3LmJiYy5jb20vbmV3cy9idXNpbmVzcy02MDYxMDUzN9IBLmh0dHBzOi8vd3d3LmJiYy5jb20vbmV3cy9idXNpbmVzcy02MDYxMDUzNy5hbXA?oc=5

223,Twitter is part of our war effort - Ukraine minister.,"Mon, 07 Mar 2022 08:00:00 GMT",BBC,https://www.bbc.com,https://news.google.com/rss/articles/CBMiLGh0dHBzOi8vd3d3LmJiYy5jb20vbmV3cy90ZWNobm9sb2d5LTYwNjA4MjIy0gEwaHR0cHM6Ly93d3cuYmJjLmNvbS9uZXdzL3RlY2hub2xvZ3ktNjA2MDgyMjIuYW1w?oc=5

224,Zuckerberg reveals AI projects to power Metaverse.,"Wed, 23 Feb 2022 08:00:00 GMT",BBC,https://www.bbc.com,https://news.google.com/rss/articles/CBMiLGh0dHBzOi8vd3d3LmJiYy5jb20vbmV3cy90ZWNobm9sb2d5LTYwNDkyMTk50gEwaHR0cHM6Ly93d3cuYmJjLmNvbS9uZXdzL3RlY2hub2xvZ3ktNjA0OTIxOTkuYW1w?oc=5

225,Why Argentina is embracing cryptocurrency.,"Fri, 22 Apr 2022 07:00:00 GMT",BBC,https://www.bbc.com,https://news.google.com/rss/articles/CBMiKmh0dHBzOi8vd3d3LmJiYy5jb20vbmV3cy9idXNpbmVzcy02MDkxMjc4OdIBLmh0dHBzOi8vd3d3LmJiYy5jb20vbmV3cy9idXNpbmVzcy02MDkxMjc4OS5hbXA?oc=5

226,Russian vigilante hacker: 'I want to help beat Ukraine from my computer'.,"Fri, 25 Feb 2022 08:00:00 GMT",BBC,https://www.bbc.com,https://news.google.com/rss/articles/CBMiLGh0dHBzOi8vd3d3LmJiYy5jb20vbmV3cy90ZWNobm9sb2d5LTYwNTI4NTk00gEwaHR0cHM6Ly93d3cuYmJjLmNvbS9uZXdzL3RlY2hub2xvZ3ktNjA1Mjg1OTQuYW1w?oc=5

227,5G phones: How serious is the threat to US flights?.,"Wed, 19 Jan 2022 08:00:00 GMT",BBC,https://www.bbc.com,https://news.google.com/rss/articles/CBMiKmh0dHBzOi8vd3d3LmJiYy5jb20vbmV3cy9idXNpbmVzcy02MDA0MjE3ONIBLmh0dHBzOi8vd3d3LmJiYy5jb20vbmV3cy9idXNpbmVzcy02MDA0MjE3OC5hbXA?oc=5

228,The crippling expectation of 24/7 digital availability.,"Tue, 08 Feb 2022 08:00:00 GMT",BBC,https://www.bbc.com,https://news.google.com/rss/articles/CBMiY2h0dHBzOi8vd3d3LmJiYy5jb20vd29ya2xpZmUvYXJ0aWNsZS8yMDIyMDIwNy10aGUtY3JpcHBsaW5nLWV4cGVjdGF0aW9uLW9mLTI0Ny1kaWdpdGFsLWF2YWlsYWJpbGl0edIBAA?oc=5

229,Farmers warn Ukraine war will hit UK food prices.,"Thu, 10 Mar 2022 08:00:00 GMT",BBC,https://www.bbc.com,https://news.google.com/rss/articles/CBMiKmh0dHBzOi8vd3d3LmJiYy5jb20vbmV3cy9idXNpbmVzcy02MDY5MTExNtIBLmh0dHBzOi8vd3d3LmJiYy5jb20vbmV3cy9idXNpbmVzcy02MDY5MTExNi5hbXA?oc=5

230,The high-tech fitness mirrors that aim to get you exercising more.,"Mon, 25 Apr 2022 07:00:00 GMT",BBC,https://www.bbc.com,https://news.google.com/rss/articles/CBMiKmh0dHBzOi8vd3d3LmJiYy5jb20vbmV3cy9idXNpbmVzcy02MTA5MjMxN9IBLmh0dHBzOi8vd3d3LmJiYy5jb20vbmV3cy9idXNpbmVzcy02MTA5MjMxNy5hbXA?oc=5

231,Google moves to make Android apps more private.,"Wed, 16 Feb 2022 08:00:00 GMT",BBC,https://www.bbc.com,https://news.google.com/rss/articles/CBMiLGh0dHBzOi8vd3d3LmJiYy5jb20vbmV3cy90ZWNobm9sb2d5LTYwNDAzOTYz0gEwaHR0cHM6Ly93d3cuYmJjLmNvbS9uZXdzL3RlY2hub2xvZ3ktNjA0MDM5NjMuYW1w?oc=5

232,How often should you change your bed sheets?.,"Fri, 29 Apr 2022 07:00:00 GMT",BBC,https://www.bbc.com,https://news.google.com/rss/articles/CBMiKmh0dHBzOi8vd3d3LmJiYy5jb20vbmV3cy9uZXdzYmVhdC02MTI1OTA3NNIBLmh0dHBzOi8vd3d3LmJiYy5jb20vbmV3cy9uZXdzYmVhdC02MTI1OTA3NC5hbXA?oc=5

233,SmartWater: The forensic spray helping keep women safe.,"Fri, 18 Feb 2022 08:00:00 GMT",BBC,https://www.bbc.com,https://news.google.com/rss/articles/CBMiLGh0dHBzOi8vd3d3LmJiYy5jb20vbmV3cy90ZWNobm9sb2d5LTYwNDE0NDUy0gEwaHR0cHM6Ly93d3cuYmJjLmNvbS9uZXdzL3RlY2hub2xvZ3ktNjA0MTQ0NTIuYW1w?oc=5

234,Half-term travel: UK families avoid Spain over jab rules.,"Wed, 09 Feb 2022 08:00:00 GMT",BBC,https://www.bbc.com,https://news.google.com/rss/articles/CBMiKmh0dHBzOi8vd3d3LmJiYy5jb20vbmV3cy9idXNpbmVzcy02MDMwODI1OdIBLmh0dHBzOi8vd3d3LmJiYy5jb20vbmV3cy9idXNpbmVzcy02MDMwODI1OS5hbXA?oc=5

235,Should bad science be censored on social media?.,"Wed, 19 Jan 2022 08:00:00 GMT",BBC,https://www.bbc.com,https://news.google.com/rss/articles/CBMiLGh0dHBzOi8vd3d3LmJiYy5jb20vbmV3cy90ZWNobm9sb2d5LTYwMDM2ODYx0gEwaHR0cHM6Ly93d3cuYmJjLmNvbS9uZXdzL3RlY2hub2xvZ3ktNjAwMzY4NjEuYW1w?oc=5

237,Influencers in Australia risk jail for breaking finance tips rules.,"Mon, 21 Mar 2022 07:00:00 GMT",BBC,https://www.bbc.com,https://news.google.com/rss/articles/CBMiLGh0dHBzOi8vd3d3LmJiYy5jb20vbmV3cy90ZWNobm9sb2d5LTYwNzg3Mjk20gEwaHR0cHM6Ly93d3cuYmJjLmNvbS9uZXdzL3RlY2hub2xvZ3ktNjA3ODcyOTYuYW1w?oc=5

238,The people deciding to ditch their smartphones.,"Mon, 24 Jan 2022 08:00:00 GMT",BBC,https://www.bbc.com,https://news.google.com/rss/articles/CBMiKmh0dHBzOi8vd3d3LmJiYy5jb20vbmV3cy9idXNpbmVzcy02MDA2NzAzMtIBLmh0dHBzOi8vd3d3LmJiYy5jb20vbmV3cy9idXNpbmVzcy02MDA2NzAzMi5hbXA?oc=5

239,Disney appoints executive to oversee metaverse strategy.,"Wed, 16 Feb 2022 08:00:00 GMT",BBC,https://www.bbc.com,https://news.google.com/rss/articles/CBMiKmh0dHBzOi8vd3d3LmJiYy5jb20vbmV3cy9idXNpbmVzcy02MDM5ODA1NtIBLmh0dHBzOi8vd3d3LmJiYy5jb20vbmV3cy9idXNpbmVzcy02MDM5ODA1Ni5hbXA?oc=5

240,New technology to tackle 'leaves on line' train delays.,"Fri, 07 Jan 2022 08:00:00 GMT",BBC,https://www.bbc.com,https://news.google.com/rss/articles/CBMiO2h0dHBzOi8vd3d3LmJiYy5jb20vbmV3cy91ay1lbmdsYW5kLWxlaWNlc3RlcnNoaXJlLTU5OTAwMTg50gE_aHR0cHM6Ly93d3cuYmJjLmNvbS9uZXdzL3VrLWVuZ2xhbmQtbGVpY2VzdGVyc2hpcmUtNTk5MDAxODkuYW1w?oc=5

241,Netflix pauses future projects in Russia.,"Wed, 02 Mar 2022 08:00:00 GMT",BBC,https://www.bbc.com,https://news.google.com/rss/articles/CBMiLGh0dHBzOi8vd3d3LmJiYy5jb20vbmV3cy90ZWNobm9sb2d5LTYwNTk2Njk50gEwaHR0cHM6Ly93d3cuYmJjLmNvbS9uZXdzL3RlY2hub2xvZ3ktNjA1OTY2OTkuYW1w?oc=5

242,Climate change: IPCC scientists say it's 'now or never' to limit warming.,"Mon, 04 Apr 2022 07:00:00 GMT",BBC,https://www.bbc.com,https://news.google.com/rss/articles/CBMiNWh0dHBzOi8vd3d3LmJiYy5jb20vbmV3cy9zY2llbmNlLWVudmlyb25tZW50LTYwOTg0NjYz0gE5aHR0cHM6Ly93d3cuYmJjLmNvbS9uZXdzL3NjaWVuY2UtZW52aXJvbm1lbnQtNjA5ODQ2NjMuYW1w?oc=5

