0,Elon Musk founds new AI company called X.AI.,"Fri, 14 Apr 2023 22:32:31 GMT",The Verge,https://www.theverge.com,https://news.google.com/rss/articles/CBMiRmh0dHBzOi8vd3d3LnRoZXZlcmdlLmNvbS8yMDIzLzQvMTQvMjM2ODQwMDUvZWxvbi1tdXNrLW5ldy1haS1jb21wYW55LXjSAQA?oc=5

1,Sony is gearing up for a new cloud gaming push amid rumors of a PlayStation handheld.,"Tue, 11 Apr 2023 17:40:57 GMT",The Verge,https://www.theverge.com,https://news.google.com/rss/articles/CBMiUGh0dHBzOi8vd3d3LnRoZXZlcmdlLmNvbS8yMzY3Nzk2OC9zb255LWNsb3VkLWdhbWluZy1wbGF5c3RhdGlvbi1ub3ctam9icy1wYXRlbnRz0gEA?oc=5

2,Counter-Strike 2 is getting Nvidia's latency-reducing Reflex tech.,"Thu, 06 Apr 2023 07:00:00 GMT",The Verge,https://www.theverge.com,https://news.google.com/rss/articles/CBMiUWh0dHBzOi8vd3d3LnRoZXZlcmdlLmNvbS8yMDIzLzQvNi8yMzY3MjQwOC9jb3VudGVyLXN0cmlrZS0yLW52aWRpYS1yZWZsZXgtZmVhdHVyZdIBAA?oc=5

3,Google is rolling out WebGPU tech for next-gen gaming in your browser.,"Thu, 06 Apr 2023 07:00:00 GMT",The Verge,https://www.theverge.com,https://news.google.com/rss/articles/CBMiWGh0dHBzOi8vd3d3LnRoZXZlcmdlLmNvbS8yMDIzLzQvNi8yMzY3MzQ2Mi9nb29nbGUtd2ViZ3B1LWNocm9tZS0xMTMtYXBpLW1hY2hpbmUtbGVhcm5pbmfSAQA?oc=5

4,Panera Bread introduces Amazon’s palm-scanning payment tech.,"Wed, 22 Mar 2023 07:00:00 GMT",The Verge,https://www.theverge.com,https://news.google.com/rss/articles/CBMibGh0dHBzOi8vd3d3LnRoZXZlcmdlLmNvbS8yMDIzLzMvMjIvMjM2NTE4NDMvYW1hem9uLW9uZS1wYW5lcmEtYnJlYWQtcGFsbS1zY2FubmluZy1iaW9tZXRyaWNzLXBheW1lbnQtbG95YWx0edIBAA?oc=5

5,A data scientist cloned his best friends' group chat using AI.,"Thu, 13 Apr 2023 15:47:43 GMT",The Verge,https://www.theverge.com,https://news.google.com/rss/articles/CBMiR2h0dHBzOi8vd3d3LnRoZXZlcmdlLmNvbS8yMDIzLzQvMTMvMjM2NzEwNTkvYWktY2hhdGJvdC1jbG9uZS1ncm91cC1jaGF00gEA?oc=5

6,AI is entering an era of corporate control.,"Mon, 03 Apr 2023 07:00:00 GMT",The Verge,https://www.theverge.com,https://news.google.com/rss/articles/CBMiVGh0dHBzOi8vd3d3LnRoZXZlcmdlLmNvbS8yMzY2Nzc1Mi9haS1wcm9ncmVzcy0yMDIzLXJlcG9ydC1zdGFuZm9yZC1jb3Jwb3JhdGUtY29udHJvbNIBAA?oc=5

7,Pete Buttigieg still believes in smart cities.,"Wed, 22 Mar 2023 07:00:00 GMT",The Verge,https://www.theverge.com,https://news.google.com/rss/articles/CBMiYGh0dHBzOi8vd3d3LnRoZXZlcmdlLmNvbS8yMDIzLzMvMjIvMjM2NTA0NjMvcGV0ZS1idXR0aWdpZWctaW50ZXJ2aWV3LXVzZG90LXNtYXJ0LWNpdHktZ3JhbnQtdGVjaNIBAA?oc=5

8,OpenAI’s CEO confirms the company isn’t training GPT-5 and "won’t for some time".,"Fri, 14 Apr 2023 12:28:55 GMT",The Verge,https://www.theverge.com,https://news.google.com/rss/articles/CBMiU2h0dHBzOi8vd3d3LnRoZXZlcmdlLmNvbS8yMDIzLzQvMTQvMjM2ODMwODQvb3BlbmFpLWdwdC01LXJ1bW9ycy10cmFpbmluZy1zYW0tYWx0bWFu0gEA?oc=5

9,ChatGPT started a new kind of AI race — and made text boxes cool again.,"Sun, 26 Mar 2023 07:00:00 GMT",The Verge,https://www.theverge.com,https://news.google.com/rss/articles/CBMiUGh0dHBzOi8vd3d3LnRoZXZlcmdlLmNvbS8yMDIzLzMvMjYvMjM2NTU0NTYvY2hhdGdwdC1iYXJkLWJpbmctYWktcmFjZS10ZXh0LWJveGVz0gEA?oc=5

10,Why this new plant is capturing carbon dioxide just to let it back out again.,"Thu, 06 Apr 2023 07:00:00 GMT",The Verge,https://www.theverge.com,https://news.google.com/rss/articles/CBMidmh0dHBzOi8vd3d3LnRoZXZlcmdlLmNvbS8yMDIzLzQvNi8yMzY2OTU4Mi9hbWVyaWNhbi1jbGltYXRlLXRlY2gtY29tcGFueS1jb2xvcmFkby1nbG9iYWwtdGhlcm1vc3RhdC1kaXJlY3QtYWlyLWNhcHR1cmXSAQA?oc=5

11,This is the best time in a decade to splurge on a premium OLED TV.,"Thu, 13 Apr 2023 13:30:00 GMT",The Verge,https://www.theverge.com,https://news.google.com/rss/articles/CBMiVmh0dHBzOi8vd3d3LnRoZXZlcmdlLmNvbS8yMzY3NDExMy9sZy1zYW1zdW5nLXFkLW9sZWQtd29sZWQtZzMtczk1Yy1icmlnaHRuZXNzLWZlYXR1cmVz0gEA?oc=5

12,The NYPD is bringing back its robot dog.,"Tue, 11 Apr 2023 22:18:34 GMT",The Verge,https://www.theverge.com,https://news.google.com/rss/articles/CBMiXGh0dHBzOi8vd3d3LnRoZXZlcmdlLmNvbS8yMDIzLzQvMTEvMjM2NzkyOTcvbnlwZC1yb2JvdC1kb2ctc3BvdC1zdXJ2ZWlsbGFuY2UtYm9zdG9uLWR5bmFtaWNz0gEA?oc=5

13,How hackers took over Linus Tech Tips.,"Fri, 24 Mar 2023 07:00:00 GMT",The Verge,https://www.theverge.com,https://news.google.com/rss/articles/CBMibGh0dHBzOi8vd3d3LnRoZXZlcmdlLmNvbS8yMDIzLzMvMjQvMjM2NTQ5OTYvbGludXMtdGVjaC10aXBzLWNoYW5uZWwtaGFjay1zZXNzaW9uLXRva2VuLWVsb24tbXVzay1jcnlwdG8tc2NhbdIBAA?oc=5

14,Apple has reportedly started a small number of corporate layoffs.,"Mon, 03 Apr 2023 07:00:00 GMT",The Verge,https://www.theverge.com,https://news.google.com/rss/articles/CBMiV2h0dHBzOi8vd3d3LnRoZXZlcmdlLmNvbS8yMDIzLzQvMy8yMzY2ODg4OS9hcHBsZS1jb3Jwb3JhdGUtbGF5b2Zmcy1yZXRhaWwtYmlnLXRlY2gtY3V0c9IBAA?oc=5

15,A better ChatGPT app: Poe wants to build the universal AI messaging client.,"Mon, 10 Apr 2023 13:30:00 GMT",The Verge,https://www.theverge.com,https://news.google.com/rss/articles/CBMiPmh0dHBzOi8vd3d3LnRoZXZlcmdlLmNvbS8yMzY3NDY1Ni9wb2UtYWktY2hhdGJvdC1tZXNzYWdpbmctYXBw0gEA?oc=5

16,Amazon's company culture may be hurting its streaming business.,"Thu, 06 Apr 2023 07:00:00 GMT",The Verge,https://www.theverge.com,https://news.google.com/rss/articles/CBMiV2h0dHBzOi8vd3d3LnRoZXZlcmdlLmNvbS8yMDIzLzQvNi8yMzY2ODg1MC9hbWF6b24tcHJpbWUtdmlkZW8tc3RyZWFtaW5nLWNvbXBhbnktY3VsdHVyZdIBAA?oc=5

17,Apple commits to using more recycled cobalt in its devices.,"Fri, 14 Apr 2023 16:51:15 GMT",The Verge,https://www.theverge.com,https://news.google.com/rss/articles/CBMiUmh0dHBzOi8vd3d3LnRoZXZlcmdlLmNvbS8yMDIzLzQvMTQvMjM2ODI4MjAvYXBwbGUtcmVjeWNsZWQtbWV0YWxzLWNvYmFsdC1iYXR0ZXJpZXPSAQA?oc=5

18,Parler goes offline after being sold to a new owner.,"Fri, 14 Apr 2023 14:36:22 GMT",The Verge,https://www.theverge.com,https://news.google.com/rss/articles/CBMie2h0dHBzOi8vd3d3LnRoZXZlcmdlLmNvbS8yMDIzLzQvMTQvMjM2ODMyMDcvcGFybGVyLXNodXR0aW5nLWRvd24tcmVsYXVuY2gtYXF1aXNpdGlvbi1hbm5vdW5jZW1lbnQtY29uc2VydmF0aXZlLXNvY2lhbC1tZWRpYdIBAA?oc=5

20,Levi’s will test AI-generated clothing models to ‘increase diversity’.,"Mon, 27 Mar 2023 07:00:00 GMT",The Verge,https://www.theverge.com,https://news.google.com/rss/articles/CBMiXWh0dHBzOi8vd3d3LnRoZXZlcmdlLmNvbS8yMDIzLzMvMjcvMjM2NTgzODUvbGV2aXMtYWktZ2VuZXJhdGVkLWNsb3RoaW5nLW1vZGVsLWRpdmVyc2l0eS1kZW5pbdIBAA?oc=5

21,Microsoft inks another deal to capture and store its carbon emissions underground.,"Wed, 22 Mar 2023 07:00:00 GMT",The Verge,https://www.theverge.com,https://news.google.com/rss/articles/CBMiYGh0dHBzOi8vd3d3LnRoZXZlcmdlLmNvbS8yMDIzLzMvMjIvMjM2NTE1ODcvbWljcm9zb2Z0LWNsaW1hdGUtdGVjaC1zdGFydHVwLWNhcmJvbmNhcHR1cmUtd3lvbWluZ9IBAA?oc=5

22,iPhone 15 Pro could end up having physical rather than solid-state buttons after all.,"Wed, 12 Apr 2023 07:59:54 GMT",The Verge,https://www.theverge.com,https://news.google.com/rss/articles/CBMiWWh0dHBzOi8vd3d3LnRoZXZlcmdlLmNvbS8yMDIzLzQvMTIvMjM2Nzk5NTQvaXBob25lLTE1LXByby1waHlzaWNhbC1idXR0b25zLW5vdC1jYXBhY2l0aXZl0gEA?oc=5

23,Can AI generate a way to pay for itself?.,"Thu, 23 Mar 2023 07:00:00 GMT",The Verge,https://www.theverge.com,https://news.google.com/rss/articles/CBMiR2h0dHBzOi8vd3d3LnRoZXZlcmdlLmNvbS8yMDIzLzMvMjMvMjM2NTE5NzYvYWktbW9uZXktaW52ZXN0bWVudC12Yy1oeXBl0gEA?oc=5

25,LinkedIn gets a free verified badge that lets you prove where you work.,"Wed, 12 Apr 2023 15:19:10 GMT",The Verge,https://www.theverge.com,https://news.google.com/rss/articles/CBMiZGh0dHBzOi8vd3d3LnRoZXZlcmdlLmNvbS8yMDIzLzQvMTIvMjM2Nzk5OTgvbGlua2VkaW4tdmVyaWZpY2F0aW9uLWJhZGdlLXN5c3RlbS1jbGVhci1taWNyb3NvZnQtZW50cmHSAQA?oc=5

26,"Nvidia announces $599 RTX 4070, available April 13th.","Wed, 12 Apr 2023 13:00:00 GMT",The Verge,https://www.theverge.com,https://news.google.com/rss/articles/CBMiVmh0dHBzOi8vd3d3LnRoZXZlcmdlLmNvbS8yMDIzLzQvMTIvMjM2Nzk5NjcvbnZpZGlhLWdlZm9yY2UtcnR4LTQwNzAtc3BlY3MtcmVsZWFzZS1kYXRl0gEA?oc=5

27,China wants homegrown AI to reflect the core values of socialism.,"Wed, 12 Apr 2023 12:32:14 GMT",The Verge,https://www.theverge.com,https://news.google.com/rss/articles/CBMic2h0dHBzOi8vd3d3LnRoZXZlcmdlLmNvbS8yMDIzLzQvMTIvMjM2ODAwMjcvY2hpbmEtZ2VuZXJhdGl2ZS1haS1yZWd1bGF0aW9ucy1wcm9tb3RlLXNvY2lhbGlzbS1jaGF0Z3B0LWFsaWJhYmEtYmFpZHXSAQA?oc=5

28,Why do websites have so many pop-ups?.,"Tue, 04 Apr 2023 07:00:00 GMT",The Verge,https://www.theverge.com,https://news.google.com/rss/articles/CBMiQmh0dHBzOi8vd3d3LnRoZXZlcmdlLmNvbS90ZWNoLzIzNjUzNTQ0L3BvcC11cC13ZWJzaXRlLWFkLXVpLWRlc2lnbtIBAA?oc=5

31,Apple’s Tim Cook says AR and VR are for "connection" and "communication".,"Mon, 03 Apr 2023 07:00:00 GMT",The Verge,https://www.theverge.com,https://news.google.com/rss/articles/CBMiQ2h0dHBzOi8vd3d3LnRoZXZlcmdlLmNvbS8yMzY2NzkxMi90aW0tY29vay1hcHBsZS1hci12ci1pbnRlcnZpZXctZ3HSAQA?oc=5

32,Google cuts off third-party smart displays as Assistant support dwindles.,"Mon, 10 Apr 2023 15:39:35 GMT",The Verge,https://www.theverge.com,https://news.google.com/rss/articles/CBMiZGh0dHBzOi8vd3d3LnRoZXZlcmdlLmNvbS8yMDIzLzQvMTAvMjM2NzY5NTkvZ29vZ2xlLXRoaXJkLXBhcnR5LWFzc2lzdGFudC1zbWFydC1kaXNwbGF5cy11cGRhdGVzLWJhcmTSAQA?oc=5

33,Text-to-video AI inches closer as startup Runway announces new model.,"Mon, 20 Mar 2023 07:00:00 GMT",The Verge,https://www.theverge.com,https://news.google.com/rss/articles/CBMiZGh0dHBzOi8vd3d3LnRoZXZlcmdlLmNvbS8yMDIzLzMvMjAvMjM2NDgxMTMvdGV4dC10by12aWRlby1nZW5lcmF0aXZlLWFpLXJ1bndheS1tbC1nZW4tMi1tb2RlbC1hY2Nlc3PSAQA?oc=5

34,Carbon capture will probably make electricity more expensive.,"Thu, 30 Mar 2023 07:00:00 GMT",The Verge,https://www.theverge.com,https://news.google.com/rss/articles/CBMia2h0dHBzOi8vd3d3LnRoZXZlcmdlLmNvbS8yMDIzLzMvMzAvMjM2NjMyMDIvY2FyYm9uLWNhcHR1cmUtZWxlY3RyaWNpdHktZ2FzLWNvYWwtcG93ZXItcGxhbnRzLWNsaW1hdGUtY2hhbmdl0gEA?oc=5

35,"The DJI Inspire 3 is a $16,499 8K cinema drone for professionals.","Thu, 13 Apr 2023 13:00:00 GMT",The Verge,https://www.theverge.com,https://news.google.com/rss/articles/CBMiT2h0dHBzOi8vd3d3LnRoZXZlcmdlLmNvbS8yMDIzLzQvMTMvMjM2ODAzOTcvZGppLWluc3BpcmUtMy04ay1kcm9uZS1hbm5vdW5jZW1lbnTSAQA?oc=5

37,The rest of the auto industry still loves CarPlay and Android Auto.,"Mon, 03 Apr 2023 07:00:00 GMT",The Verge,https://www.theverge.com,https://news.google.com/rss/articles/CBMiXGh0dHBzOi8vd3d3LnRoZXZlcmdlLmNvbS8yMDIzLzQvMy8yMzY2Nzc5My9nbS1jYXJwbGF5LWFuZHJvaWQtYXV0by1mb3JkLXZvbHZvLWhvbmRhLXJlc3BvbnNl0gEA?oc=5

38,The biggest announcements from Epic Games’ State of Unreal 2023 keynote.,"Wed, 22 Mar 2023 07:00:00 GMT",The Verge,https://www.theverge.com,https://news.google.com/rss/articles/CBMieWh0dHBzOi8vd3d3LnRoZXZlcmdlLmNvbS8yMDIzLzMvMjIvMjM2NDU3MDIvZXBpYy1nYW1lcy1zdGF0ZS1vZi11bnJlYWwtMjAyMy1rZXlub3RlLWJpZ2dlc3QtYW5ub3VuY2VtZW50cy1mb3J0bml0ZS1lbmdpbmXSAQA?oc=5

39,The new Microsoft Teams is here with big performance improvements and UI changes.,"Mon, 27 Mar 2023 07:00:00 GMT",The Verge,https://www.theverge.com,https://news.google.com/rss/articles/CBMieGh0dHBzOi8vd3d3LnRoZXZlcmdlLmNvbS8yMDIzLzMvMjcvMjM2NTc5MzgvbWljcm9zb2Z0LXRlYW1zLW92ZXJoYXVsLXBlcmZvcm1hbmNlLWltcHJvdmVtZW50cy11aS1kZXNpZ24tY2hhbmdlcy1mZWF0dXJlc9IBAA?oc=5

40,Elon Musk and top AI researchers call for pause on ‘giant AI experiments’.,"Wed, 29 Mar 2023 07:00:00 GMT",The Verge,https://www.theverge.com,https://news.google.com/rss/articles/CBMiX2h0dHBzOi8vd3d3LnRoZXZlcmdlLmNvbS8yMDIzLzMvMjkvMjM2NjEzNzQvZWxvbi1tdXNrLWFpLXJlc2VhcmNoZXJzLXBhdXNlLXJlc2VhcmNoLW9wZW4tbGV0dGVy0gEA?oc=5

41,Are Amazon Sidewalk's privacy protocols ready for the real world?.,"Sat, 08 Apr 2023 07:00:00 GMT",The Verge,https://www.theverge.com,https://news.google.com/rss/articles/CBMiV2h0dHBzOi8vd3d3LnRoZXZlcmdlLmNvbS8yMDIzLzQvOC8yMzY3MTU5NC9hbWF6b24tc2lkZXdhbGstcHJpdmFjeS1lY2hvLXJpbmctc21hcnQtaG9tZdIBAA?oc=5

42,Bungie prepares to monitor and ban XIM users cheating in Destiny 2.,"Thu, 13 Apr 2023 23:13:40 GMT",The Verge,https://www.theverge.com,https://news.google.com/rss/articles/CBMiYmh0dHBzOi8vd3d3LnRoZXZlcmdlLmNvbS8yMDIzLzQvMTMvMjM2ODI0OTkvYnVuZ2llLXhpbS1jaGVhdC1kZXZpY2UtaGFyZHdhcmUtYmFuLXN1c3BlbmQtZGVzdGlueS0y0gEA?oc=5

43,The Writers Guild of America likens AI-generated content to plagiarism.,"Wed, 22 Mar 2023 07:00:00 GMT",The Verge,https://www.theverge.com,https://news.google.com/rss/articles/CBMiT2h0dHBzOi8vd3d3LnRoZXZlcmdlLmNvbS8yMDIzLzMvMjIvMjM2NTE4MDQvd2dhLXVuaW9uLWNoYXRncHQtYWktdG9vbHMtcHJvcG9zYWzSAQA?oc=5

44,Now everyone claims Microsoft will build a data center on the Foxconn land in Wisconsin.,"Fri, 07 Apr 2023 07:00:00 GMT",The Verge,https://www.theverge.com,https://news.google.com/rss/articles/CBMiUmh0dHBzOi8vd3d3LnRoZXZlcmdlLmNvbS8yMDIzLzQvNy8yMzY3MzQ2NC9taWNyb3NvZnQtZGF0YS1jZW50ZXItZm94Y29ubi13aXNjb25zaW7SAQA?oc=5

45,Window AC units and air purifiers in the US are about to get more energy-efficient.,"Fri, 24 Mar 2023 07:00:00 GMT",The Verge,https://www.theverge.com,https://news.google.com/rss/articles/CBMiYmh0dHBzOi8vd3d3LnRoZXZlcmdlLmNvbS8yMDIzLzMvMjQvMjM2NTQ4MTcvZW5lcmd5LWVmZmljaWVuY3ktc3RhbmRhcmRzLWRvZS13aW5kb3ctYWMtYWlyLXB1cmlmaWVy0gEA?oc=5

46,Disney reportedly eliminates metaverse division in first round of layoffs.,"Tue, 28 Mar 2023 07:00:00 GMT",The Verge,https://www.theverge.com,https://news.google.com/rss/articles/CBMiUGh0dHBzOi8vd3d3LnRoZXZlcmdlLmNvbS8yMDIzLzMvMjgvMjM2NTk2OTEvZGlzbmV5LW1ldGF2ZXJzZS1qb2ItY3V0cy1lbGltaW5hdGVk0gEA?oc=5

47,Google and Microsoft’s chatbots are already citing one another in a misinformation shitshow.,"Wed, 22 Mar 2023 07:00:00 GMT",The Verge,https://www.theverge.com,https://news.google.com/rss/articles/CBMiXmh0dHBzOi8vd3d3LnRoZXZlcmdlLmNvbS8yMDIzLzMvMjIvMjM2NTE1NjQvZ29vZ2xlLW1pY3Jvc29mdC1iYXJkLWJpbmctY2hhdGJvdHMtbWlzaW5mb3JtYXRpb27SAQA?oc=5

48,Elon Musk reportedly tried and failed to take over OpenAI in 2018.,"Fri, 24 Mar 2023 07:00:00 GMT",The Verge,https://www.theverge.com,https://news.google.com/rss/articles/CBMiZmh0dHBzOi8vd3d3LnRoZXZlcmdlLmNvbS8yMDIzLzMvMjQvMjM2NTQ3MDEvb3BlbmFpLWVsb24tbXVzay1mYWlsZWQtdGFrZW92ZXItcmVwb3J0LWNsb3NlZC1vcGVuLXNvdXJjZdIBAA?oc=5

49,Chemicals banned from air conditioners and refrigerators are making a comeback — and scientists don’t know why.,"Mon, 03 Apr 2023 07:00:00 GMT",The Verge,https://www.theverge.com,https://news.google.com/rss/articles/CBMieWh0dHBzOi8vd3d3LnRoZXZlcmdlLmNvbS8yMDIzLzQvMy8yMzY2NTI5My9jZmNzLWFpci1jb25kaXRpb25pbmctcmVmcmlnZXJhbnRzLW96b25lLWRlcGxldGluZy1jaGVtaWNhbHMtc3VycHJpc2UtY29tZWJhY2vSAQA?oc=5

50,AMD Ryzen 7 7800X3D: your next gaming CPU.,"Tue, 11 Apr 2023 14:45:51 GMT",The Verge,https://www.theverge.com,https://news.google.com/rss/articles/CBMiYmh0dHBzOi8vd3d3LnRoZXZlcmdlLmNvbS8yMDIzLzQvNS8yMzY2ODMyMC9hbWQtcnl6ZW4tNy03ODAweDNkLXJldmlldy1jcHUtcHJvY2Vzc29yLWJlbmNobWFyay10ZXN00gEA?oc=5

52,Microsoft sold software to sanctioned Russian companies says US government.","Fri, 07 Apr 2023 07:00:00 GMT",The Verge,https://www.theverge.com,https://news.google.com/rss/articles/CBMiXmh0dHBzOi8vd3d3LnRoZXZlcmdlLmNvbS8yMDIzLzQvNy8yMzY3NDMzNS9taWNyb3NvZnQtc2FuY3Rpb25zLXZpb2xhdGlvbnMtdHJlYXN1cnktZmVlcy1ydXNzaWHSAQA?oc=5

53,The end is nigh for gas-powered cars.,"Mon, 10 Apr 2023 17:58:11 GMT",The Verge,https://www.theverge.com,https://news.google.com/rss/articles/CBMiYWh0dHBzOi8vd3d3LnRoZXZlcmdlLmNvbS8yMDIzLzQvMTAvMjM2NzcxNTcvZXYtcnVsZXMtZXBhLWVtaXNzaW9uLXN0YW5kYXJkcy1iaWRlbi1pY2UtZ2FzLWNhci1lbmTSAQA?oc=5

54,Atari is acquiring retro game specialists Nightdive Studios.,"Thu, 23 Mar 2023 07:00:00 GMT",The Verge,https://www.theverge.com,https://news.google.com/rss/articles/CBMiamh0dHBzOi8vd3d3LnRoZXZlcmdlLmNvbS8yMDIzLzMvMjMvMjM2NTMzMTgvYXRhcmktbmlnaHQtZGl2ZS1zdHVkaW9zLWFjcXVpc2l0aW9uLXJldHJvLXZpZGVvLWdhbWUtcmVtYXN0ZXLSAQA?oc=5

55,The Tinder car heist was a mess — and the revenge plot even messier.,"Tue, 21 Mar 2023 07:00:00 GMT",The Verge,https://www.theverge.com,https://news.google.com/rss/articles/CBMiTGh0dHBzOi8vd3d3LnRoZXZlcmdlLmNvbS9jLzIzNjM5MjQ1L3RpbmRlci1jYXItaGVpc3QtY2F0ZmlzaC1wb3J0bGFuZC1vcmVnb27SAQA?oc=5

57,"That TikTok hearing was pretty messed up, right?.","Fri, 24 Mar 2023 07:00:00 GMT",The Verge,https://www.theverge.com,https://news.google.com/rss/articles/CBMiWWh0dHBzOi8vd3d3LnRoZXZlcmdlLmNvbS8yMDIzLzMvMjQvMjM2NTQ4MzEvdGlrdG9rLWNvbmdyZXNzaW9uYWwtaGVhcmluZy14ZW5vcGhvYmlhLWNoaW5h0gEA?oc=5

58,Meta's new hand tracking feature almost feels like touching the future.,"Fri, 24 Mar 2023 07:00:00 GMT",The Verge,https://www.theverge.com,https://news.google.com/rss/articles/CBMia2h0dHBzOi8vd3d3LnRoZXZlcmdlLmNvbS8yMDIzLzMvMjQvMjM2NTM1NTQvbWV0YS1xdWVzdC1kaXJlY3QtdG91Y2gtaGFuZC10cmFja2luZy12NTAtdnItaW50ZXJhY3Rpb24tZnV0dXJl0gEA?oc=5

59,Nvidia DGX Cloud: train your own ChatGPT in a web browser for $37K a month.,"Tue, 21 Mar 2023 07:00:00 GMT",The Verge,https://www.theverge.com,https://news.google.com/rss/articles/CBMiXmh0dHBzOi8vd3d3LnRoZXZlcmdlLmNvbS8yMzY0OTMyOS9udmlkaWEtZGd4LWNsb3VkLW1pY3Jvc29mdC1nb29nbGUtb3JhY2xlLWNoYXRncHQtd2ViLWJyb3dzZXLSAQA?oc=5

60,The logout button has become defunct.,"Thu, 06 Apr 2023 07:00:00 GMT",The Verge,https://www.theverge.com,https://news.google.com/rss/articles/CBMiT2h0dHBzOi8vd3d3LnRoZXZlcmdlLmNvbS8yMzY3MDE2OS9sb2dvdXQtYnV0dG9uLXVpLXdlYnNpdGVzLWRlc2lnbi11aS1pbnRlcmZhY2XSAQA?oc=5

61,Ikea adds stock-counting drones to more of its stores.,"Mon, 20 Mar 2023 07:00:00 GMT",The Verge,https://www.theverge.com,https://news.google.com/rss/articles/CBMiVGh0dHBzOi8vd3d3LnRoZXZlcmdlLmNvbS8yMDIzLzMvMjAvMjM2NDgxNTYvaWtlYS12ZXJpdHktZHJvbmVzLXN0b2NrLWNvdW50aW5nLXN0b3Jlc9IBAA?oc=5

62,Tesla’s Wireless Charging Platform does what AirPower couldn’t.,"Thu, 23 Mar 2023 07:00:00 GMT",The Verge,https://www.theverge.com,https://news.google.com/rss/articles/CBMiY2h0dHBzOi8vd3d3LnRoZXZlcmdlLmNvbS8yMzY1MjQ5My90ZXNsYS13aXJlbGVzcy1jaGFyZ2luZy1wbGF0Zm9ybS1xaS1haXJwb3dlci1mZWF0dXJlcy1zcGVjcy1wcmljZdIBAA?oc=5

63,Riot made its esports arena transform for new Valorant league.,"Sat, 01 Apr 2023 07:00:00 GMT",The Verge,https://www.theverge.com,https://news.google.com/rss/articles/CBMiU2h0dHBzOi8vd3d3LnRoZXZlcmdlLmNvbS8yMDIzLzQvMS8yMzY2Mjk5Mi9yaW90LWdhbWVzLWFyZW5hLXZhbG9yYW50LWVzcG9ydHMtbGVhZ3Vl0gEA?oc=5

64,We need Eternal Sunshine of the Spotless Mind for Gmail.,"Wed, 29 Mar 2023 07:00:00 GMT",The Verge,https://www.theverge.com,https://news.google.com/rss/articles/CBMiT2h0dHBzOi8vd3d3LnRoZXZlcmdlLmNvbS8yMzY2MDYyNS9nbWFpbC1pbmJveC11bnN1YnNjcmliZS1yZWZyZXNoLWRlbGV0ZS1yZWplY3TSAQA?oc=5

65,Netflix wants to make its games ‘playable on every Netflix device that you have’.,"Mon, 20 Mar 2023 07:00:00 GMT",The Verge,https://www.theverge.com,https://news.google.com/rss/articles/CBMiWmh0dHBzOi8vd3d3LnRoZXZlcmdlLmNvbS8yMDIzLzMvMjAvMjM2NDE2MTEvbmV0ZmxpeC1jbG91ZC1nYW1pbmctc2VydmljZS11bmRlcndheS1wbGF5YWJsZdIBAA?oc=5

67,"I never went to E3, but I'll miss it anyways.","Thu, 30 Mar 2023 07:00:00 GMT",The Verge,https://www.theverge.com,https://news.google.com/rss/articles/CBMiSWh0dHBzOi8vd3d3LnRoZXZlcmdlLmNvbS8yMDIzLzMvMzAvMjM2NjM4NjIvZTMtMjAyMy1jYW5jZWxsZWQtZXNhLXJlZWRwb3DSAQA?oc=5

68,Utah governor signs new laws requiring parental consent for under-18s to use social media.,"Fri, 24 Mar 2023 07:00:00 GMT",The Verge,https://www.theverge.com,https://news.google.com/rss/articles/CBMib2h0dHBzOi8vd3d3LnRoZXZlcmdlLmNvbS8yMDIzLzMvMjQvMjM2NTQ3MTkvdXRhaC1zb2NpYWwtbWVkaWEtYmlsbC1sYXctbWlub3JzLWFnZS12ZXJpZmljYXRpb24tdGlrdG9rLWluc3RhZ3JhbdIBAA?oc=5

69,The poop emoji: a legal history.,"Thu, 06 Apr 2023 07:00:00 GMT",The Verge,https://www.theverge.com,https://news.google.com/rss/articles/CBMiP2h0dHBzOi8vd3d3LnRoZXZlcmdlLmNvbS8yMzY1MDY5OS9wb29wLWVtb2ppLWxhdy1qdWRnZXMtdW5pY29kZdIBAA?oc=5

70,Hulu's redesigning its unintuitive interface.,"Mon, 03 Apr 2023 07:00:00 GMT",The Verge,https://www.theverge.com,https://news.google.com/rss/articles/CBMiS2h0dHBzOi8vd3d3LnRoZXZlcmdlLmNvbS8yMDIzLzQvMy8yMzY2ODY0My9odWx1LWludGVyZmFjZS1zaWRlLWJhci1yZWRlc2lnbtIBAA?oc=5

73,Instagram has started putting ads in search results.,"Tue, 21 Mar 2023 07:00:00 GMT",The Verge,https://www.theverge.com,https://news.google.com/rss/articles/CBMiTmh0dHBzOi8vd3d3LnRoZXZlcmdlLmNvbS8yMDIzLzMvMjEvMjM2NTA3NjYvaW5zdGFncmFtLWFkcy1zZWFyY2gtcmVzdWx0cy1mZWVkc9IBAA?oc=5

74,Google will shut down Dropcam and Nest Secure in 2024.","Fri, 07 Apr 2023 07:00:00 GMT",The Verge,https://www.theverge.com,https://news.google.com/rss/articles/CBMiTmh0dHBzOi8vd3d3LnRoZXZlcmdlLmNvbS8yMDIzLzQvNy8yMzY3MzE2NS9nb29nbGUtbmVzdC1kcm9wY2FtLW5lc3Qtc2VjdXJlLWVvbNIBAA?oc=5

75,Operation Cookie Monster shuts off hacker marketplace selling millions of stolen accounts.,"Wed, 05 Apr 2023 07:00:00 GMT",The Verge,https://www.theverge.com,https://news.google.com/rss/articles/CBMiWmh0dHBzOi8vd3d3LnRoZXZlcmdlLmNvbS8yMDIzLzQvNS8yMzY3MTQxMi9nZW5lc2lzLW1hcmtldHBsYWNlLXR3by1mYWN0b3ItcGFzc3dvcmRzLWhvdy10b9IBAA?oc=5

76,Google denies Bard was trained with ChatGPT data.,"Wed, 29 Mar 2023 07:00:00 GMT",The Verge,https://www.theverge.com,https://news.google.com/rss/articles/CBMiWGh0dHBzOi8vd3d3LnRoZXZlcmdlLmNvbS8yMDIzLzMvMjkvMjM2NjI2MjEvZ29vZ2xlLWJhcmQtY2hhdGdwdC1zaGFyZWdwdC10cmFpbmluZy1kZW5pZXPSAQA?oc=5

77,Samsung's having a terrible financial year.,"Fri, 07 Apr 2023 07:00:00 GMT",The Verge,https://www.theverge.com,https://news.google.com/rss/articles/CBMiMmh0dHBzOi8vd3d3LnRoZXZlcmdlLmNvbS8yMDIzLzQvNy8yMzY3Mzg1MS9zYW1zdW5n0gEA?oc=5

78,Substack is getting a Twitter-like ‘Notes’ feed.,"Wed, 05 Apr 2023 07:00:00 GMT",The Verge,https://www.theverge.com,https://news.google.com/rss/articles/CBMiTmh0dHBzOi8vd3d3LnRoZXZlcmdlLmNvbS8yMDIzLzQvNS8yMzY3MDQ1Mi9zdWJzdGFjay1ub3Rlcy10d2VldHMtcG9zdHMtdHdpdHRlctIBAA?oc=5

79,Amazon has just opened up its Sidewalk network and it's gigantic.,"Fri, 31 Mar 2023 07:00:00 GMT",The Verge,https://www.theverge.com,https://news.google.com/rss/articles/CBMiTGh0dHBzOi8vd3d3LnRoZXZlcmdlLmNvbS8yMDIzLzMvMjgvMjM2NTkxOTEvYW1hem9uLXNpZGV3YWxrLW5ldHdvcmstY292ZXJhZ2XSAQA?oc=5

81,Google’s ADT partnership finally has a new home security product to show for it.,"Thu, 30 Mar 2023 07:00:00 GMT",The Verge,https://www.theverge.com,https://news.google.com/rss/articles/CBMiX2h0dHBzOi8vd3d3LnRoZXZlcmdlLmNvbS8yMDIzLzMvMjgvMjM2NjA1MzgvZ29vZ2xlLXBhcnRuZXJzaGlwLWFkdC1zZWxmLXNldHVwLWRpeS1ob21lLXNlY3VyaXR50gEA?oc=5

82,Mozilla is creating a startup to build more open and trustworthy AI.,"Wed, 22 Mar 2023 07:00:00 GMT",The Verge,https://www.theverge.com,https://news.google.com/rss/articles/CBMiUmh0dHBzOi8vd3d3LnRoZXZlcmdlLmNvbS8yMDIzLzMvMjIvMjM2NTE1NzQvbW96aWxsYS1haS1zdGFydHVwLWNoYXRib3RzLWdlbmVyYXRpdmXSAQA?oc=5

83,You're not the only one who just got a Starbucks test notification.,"Tue, 28 Mar 2023 07:00:00 GMT",The Verge,https://www.theverge.com,https://news.google.com/rss/articles/CBMiTmh0dHBzOi8vd3d3LnRoZXZlcmdlLmNvbS8yMDIzLzMvMjgvMjM2NjAyMDIvc3RhcmJ1Y2tzLW5vdGlmaWNhdGlvbi10ZXN0MS1zZWFua9IBAA?oc=5

84,"Gordon Moore, Intel co-founder and creator of Moore's Law, has died.","Fri, 24 Mar 2023 07:00:00 GMT",The Verge,https://www.theverge.com,https://news.google.com/rss/articles/CBMiYWh0dHBzOi8vd3d3LnRoZXZlcmdlLmNvbS8yMDIzLzMvMjQvMjM2NTU4NDQvZ29yZG9uLW1vb3JlLWludGVsLWNvLWZvdW5kZXItY3JlYXRvci1tb29yZXMtbGF3LWRpZWTSAQA?oc=5

85,Why journalists can't quit Twitter.,"Wed, 05 Apr 2023 07:00:00 GMT",The Verge,https://www.theverge.com,https://news.google.com/rss/articles/CBMiRWh0dHBzOi8vd3d3LnRoZXZlcmdlLmNvbS8yMzY3MTAzNi9qb3VybmFsaXN0cy10d2l0dGVyLWVsb24tbXVzay1tZWRpYdIBAA?oc=5

86,Elon Musk's obsession with blue checks is a verified problem.,"Tue, 04 Apr 2023 07:00:00 GMT",The Verge,https://www.theverge.com,https://news.google.com/rss/articles/CBMiVGh0dHBzOi8vd3d3LnRoZXZlcmdlLmNvbS8yMDIzLzQvNC8yMzY2ODcyMi9lbG9uLW11c2stdHdpdHRlci1ibHVlLWNoZWNrbWFyay12ZXJpZmllZNIBAA?oc=5

87,E-fuels could keep combustion engine cars on the road in the EU past its 2035 climate deadline.,"Tue, 28 Mar 2023 07:00:00 GMT",The Verge,https://www.theverge.com,https://news.google.com/rss/articles/CBMid2h0dHBzOi8vd3d3LnRoZXZlcmdlLmNvbS8yMDIzLzMvMjgvMjM2NjAwMDUvZS1mdWVscy1pbnRlcm5hbC1jb21idXN0aW9uLWVuZ2luZS1jYXItZXVyb3BlYW4tdW5pb24tMjAzNS1jbGltYXRlLWRlYWRsaW5l0gEA?oc=5

88,Prepare your ears for Wikipedia's 'sound of all human knowledge'.,"Wed, 29 Mar 2023 07:00:00 GMT",The Verge,https://www.theverge.com,https://news.google.com/rss/articles/CBMiSmh0dHBzOi8vd3d3LnRoZXZlcmdlLmNvbS8yMDIzLzMvMjkvMjM2NjE0MzEvd2lraXBlZGlhLXdpa2ltZWRpYS1zb3VuZC1sb2dv0gEA?oc=5

89,AI chatbots compared: Bard vs. Bing vs. ChatGPT.,"Fri, 24 Mar 2023 07:00:00 GMT",The Verge,https://www.theverge.com,https://news.google.com/rss/articles/CBMiWmh0dHBzOi8vd3d3LnRoZXZlcmdlLmNvbS8yMDIzLzMvMjQvMjM2NTMzNzcvYWktY2hhdGJvdHMtY29tcGFyaXNvbi1iYXJkLWJpbmctY2hhdGdwdC1ncHQtNNIBAA?oc=5

90,What to bring on your next 2600-mile walk.,"Fri, 24 Mar 2023 07:00:00 GMT",The Verge,https://www.theverge.com,https://news.google.com/rss/articles/CBMiWGh0dHBzOi8vd3d3LnRoZXZlcmdlLmNvbS8yMzYzMDE2Ny9wYWNpZmljLWNyZXN0LXRyYWlsLWhpa2luZy1iYWNrcGFja2luZy1nZWFyLTI2MDAtbWlsZXPSAQA?oc=5

91,Microsoft exploit could control Bing search results and Office 365 data.,"Thu, 30 Mar 2023 07:00:00 GMT",The Verge,https://www.theverge.com,https://news.google.com/rss/articles/CBMiamh0dHBzOi8vd3d3LnRoZXZlcmdlLmNvbS8yMDIzLzMvMzAvMjM2NjE0MjYvbWljcm9zb2Z0LWF6dXJlLWJpbmctb2ZmaWNlMzY1LXNlY3VyaXR5LWV4cGxvaXQtc2VhcmNoLXJlc3VsdHPSAQA?oc=5

92,Google says its Bard chatbot isn't a search engine — so what is it?.,"Tue, 21 Mar 2023 07:00:00 GMT",The Verge,https://www.theverge.com,https://news.google.com/rss/articles/CBMiQ2h0dHBzOi8vd3d3LnRoZXZlcmdlLmNvbS8yMzY0OTg5Ny9nb29nbGUtYmFyZC1jaGF0Ym90LXNlYXJjaC1lbmdpbmXSAQA?oc=5

94,Amazon’s latest layoffs cut 9000 more jobs in divisions including Twitch and AWS.,"Mon, 20 Mar 2023 07:00:00 GMT",The Verge,https://www.theverge.com,https://news.google.com/rss/articles/CBMiTmh0dHBzOi8vd3d3LnRoZXZlcmdlLmNvbS8yMDIzLzMvMjAvMjM2NDgzNDgvYW1hem9uLWxheW9mZnMtam9iLWN1dHMtYXdzLXR3aXRjaNIBAA?oc=5

95,You can now try Microsoft Loop a Notion competitor with futuristic Office documents.","Wed, 22 Mar 2023 07:00:00 GMT",The Verge,https://www.theverge.com,https://news.google.com/rss/articles/CBMiW2h0dHBzOi8vd3d3LnRoZXZlcmdlLmNvbS8yMDIzLzMvMjIvMjM2NTE0ODcvbWljcm9zb2Z0LWxvb3AtcHVibGljLXByZXZpZXctbm90aW9uLWNvbXBldGl0b3LSAQA?oc=5

96,"LG’s eye-catching Gram Style laptop starts at $1,499.","Mon, 20 Mar 2023 07:00:00 GMT",The Verge,https://www.theverge.com,https://news.google.com/rss/articles/CBMiXmh0dHBzOi8vd3d3LnRoZXZlcmdlLmNvbS8yMDIzLzMvMjAvMjM2NDg1OTIvbGctZ3JhbS1zdHlsZS0yMDIzLXByaWNlLXJlbGVhc2UtZGF0ZS1hbm5vdW5jZW1lbnTSAQA?oc=5

97,The Framework Laptop 16 is trying to bring back snap-on removable batteries.,"Thu, 30 Mar 2023 07:00:00 GMT",The Verge,https://www.theverge.com,https://news.google.com/rss/articles/CBMiU2h0dHBzOi8vd3d3LnRoZXZlcmdlLmNvbS8yMDIzLzMvMzAvMjM2MTI0NjcvZnJhbWV3b3JrLWxhcHRvcC0xNi1iYXR0ZXJ5LXBhcnRzLWdhbWVz0gEA?oc=5

98,The Internet Archive is defending its digital library in court today.,"Mon, 20 Mar 2023 07:00:00 GMT",The Verge,https://www.theverge.com,https://news.google.com/rss/articles/CBMiZmh0dHBzOi8vd3d3LnRoZXZlcmdlLmNvbS8yMDIzLzMvMjAvMjM2NDE0NTcvaW50ZXJuZXQtYXJjaGl2ZS1oYWNoZXR0ZS1sYXdzdWl0LWNvdXJ0LWNvcHlyaWdodC1mYWlyLXVzZdIBAA?oc=5

99,President Joe Biden says US can’t buy spyware that other countries have used against it.,"Mon, 27 Mar 2023 07:00:00 GMT",The Verge,https://www.theverge.com,https://news.google.com/rss/articles/CBMiW2h0dHBzOi8vd3d3LnRoZXZlcmdlLmNvbS8yMDIzLzMvMjcvMjM2NTg0NDkvc3B5d2FyZS1iYW4tdXMtZ292ZXJubWVudC1iaWRlbi1leGVjdXRpdmUtb3JkZXLSAQA?oc=5

101,BMW’s Digital Key Plus feature is finally supported on Android devices.,"Tue, 25 Apr 2023 09:53:49 GMT",The Verge,https://www.theverge.com,https://news.google.com/rss/articles/CBMibGh0dHBzOi8vd3d3LnRoZXZlcmdlLmNvbS8yMDIzLzQvMjUvMjM2OTcyMTIvYm13LWRpZ2l0YWwta2V5LXBsdXMtc3VwcG9ydC1nb29nbGUtcGl4ZWwtc2Ftc3VuZy1nYWxheHktZGV2aWNlc9IBAA?oc=5

102,Google’s search business is feeling the heat in Q1 2023 earnings.,"Tue, 25 Apr 2023 20:46:53 GMT",The Verge,https://www.theverge.com,https://news.google.com/rss/articles/CBMiTGh0dHBzOi8vd3d3LnRoZXZlcmdlLmNvbS8yMDIzLzQvMjUvMjM2OTgwODcvYWxwaGFiZXQtZ29vZ2xlLWVhcm5pbmdzLXExLTIwMjPSAQA?oc=5

103,Lucid’s Gravity SUV is being driven on public roads.,"Tue, 25 Apr 2023 13:00:00 GMT",The Verge,https://www.theverge.com,https://news.google.com/rss/articles/CBMiX2h0dHBzOi8vd3d3LnRoZXZlcmdlLmNvbS8yMDIzLzQvMjUvMjM2OTY2OTUvbHVjaWQtZ3Jhdml0eS1zdXYtZXYtcHVibGljLXJvYWQtdGVzdGluZy1jYW1vdWZsYWdl0gEA?oc=5

104,ActivityPub is the next big thing in social networks.,"Thu, 20 Apr 2023 14:30:00 GMT",The Verge,https://www.theverge.com,https://news.google.com/rss/articles/CBMiWGh0dHBzOi8vd3d3LnRoZXZlcmdlLmNvbS8yMDIzLzQvMjAvMjM2ODk1NzAvYWN0aXZpdHlwdWItcHJvdG9jb2wtc3RhbmRhcmQtc29jaWFsLW5ldHdvcmvSAQA?oc=5

105,Leak: TikTok is launching generative AI avatars and here’s what they look like.","Wed, 26 Apr 2023 00:02:00 GMT",The Verge,https://www.theverge.com,https://news.google.com/rss/articles/CBMiUmh0dHBzOi8vd3d3LnRoZXZlcmdlLmNvbS8yMDIzLzQvMjUvMjM2OTgzOTQvdGlrdG9rLWFpLXByb2ZpbGUtcGljdHVyZS1hdmF0YXItbGVuc2HSAQA?oc=5

106,To capture CO2 in the US climate tech startups partner with oil and gas.","Fri, 21 Apr 2023 18:54:19 GMT",The Verge,https://www.theverge.com,https://news.google.com/rss/articles/CBMiWGh0dHBzOi8vd3d3LnRoZXZlcmdlLmNvbS8yMDIzLzQvMjEvMjM2OTAwNDAvY2xpbWV3b3Jrcy1kaXJlY3QtYWlyLWNhcmJvbi1jYXB0dXJlLW9pbC1nYXPSAQA?oc=5

108,Honda’s making a bigger electric SUV to follow the Prologue — atop its own platforms.,"Wed, 26 Apr 2023 02:45:00 GMT",The Verge,https://www.theverge.com,https://news.google.com/rss/articles/CBMiaWh0dHBzOi8vd3d3LnRoZXZlcmdlLmNvbS8yMDIzLzQvMjUvMjM2OTgzMTcvaG9uZGEtZXYtZS1hcmNoaXRlY2h0dXJlLW1pZHNpemUtbGFyZ2VyLXN1di0yMDI1LXByb2xvZ3VlLXpkeNIBAA?oc=5

109,WiZ smart lights are now Matter compatible.,"Tue, 25 Apr 2023 17:18:23 GMT",The Verge,https://www.theverge.com,https://news.google.com/rss/articles/CBMiWGh0dHBzOi8vd3d3LnRoZXZlcmdlLmNvbS8yMDIzLzQvMjUvMjM2OTc1Mzcvd2l6LXNtYXJ0LWJ1bGJzLW1hdHRlci1jb21wYXRpYmxlLWFwcGxlLWhvbWXSAQA?oc=5

110,Eva Herzigová turned herself into a MetaHuman.,"Tue, 25 Apr 2023 10:30:00 GMT",The Verge,https://www.theverge.com,https://news.google.com/rss/articles/CBMiTmh0dHBzOi8vd3d3LnRoZXZlcmdlLmNvbS8yMDIzLzQvMjUvMjM2OTY4MzcvZXBpYy1tZXRhaHVtYW4tZXZhLWhlcnppZ292YS1tb2RlbNIBAA?oc=5

111,Yelp is going to let you add videos to your reviews.,"Tue, 25 Apr 2023 11:00:00 GMT",The Verge,https://www.theverge.com,https://news.google.com/rss/articles/CBMiTmh0dHBzOi8vd3d3LnRoZXZlcmdlLmNvbS8yMDIzLzQvMjUvMjM2OTY4MDIveWVscC12aWRlb3MtcmV2aWV3cy1haS1zdXJwcmlzZS1tZdIBAA?oc=5

112,The makers of Octodad just released a free dating simulator where you play as a snake.,"Tue, 25 Apr 2023 16:39:26 GMT",The Verge,https://www.theverge.com,https://news.google.com/rss/articles/CBMibWh0dHBzOi8vd3d3LnRoZXZlcmdlLmNvbS8yMDIzLzQvMjUvMjM2OTc2MDIveW91bmctaG9yc2VzLWZyZWUtcmFuZ2Utb2N0b2RhZC1zbmFrZWRhdGUtaW5kZXBlbmRhbnQtYW50YmFzc2Fkb3LSAQA?oc=5

113,Rad Power Bikes links up with Redwood Materials for e-bike battery recycling.,"Mon, 24 Apr 2023 16:49:43 GMT",The Verge,https://www.theverge.com,https://news.google.com/rss/articles/CBMiY2h0dHBzOi8vd3d3LnRoZXZlcmdlLmNvbS8yMDIzLzQvMjQvMjM2OTU3NjcvcmFkLXBvd2VyLWJpa2VzLXJlZHdvb2QtbWF0ZXJpYWxzLWViaWtlLWJhdHRlcnktcmVjeWNsZdIBAA?oc=5

114,Snapchat releases My AI chatbot to all users for free.,"Wed, 19 Apr 2023 18:00:00 GMT",The Verge,https://www.theverge.com,https://news.google.com/rss/articles/CBMiUmh0dHBzOi8vd3d3LnRoZXZlcmdlLmNvbS8yMDIzLzQvMTkvMjM2ODg5MTMvc25hcGNoYXQtbXktYWktY2hhdGJvdC1yZWxlYXNlLW9wZW4tYWnSAQA?oc=5

115,Seagate fined $300 million for supplying Huawei with hard drives.,"Fri, 21 Apr 2023 11:10:30 GMT",The Verge,https://www.theverge.com,https://news.google.com/rss/articles/CBMia2h0dHBzOi8vd3d3LnRoZXZlcmdlLmNvbS8yMDIzLzQvMjEvMjM2OTI0MDEvc2VhZ2F0ZS1maW5lZC0zMDAtbWlsbGlvbi1odWF3ZWktaGRkLXN0b3JhZ2UtdHJhZGUtcmVzdHJpY3Rpb25z0gEA?oc=5

116,2023 Toyota Prius review: EV reality check.,"Tue, 25 Apr 2023 12:00:00 GMT",The Verge,https://www.theverge.com,https://news.google.com/rss/articles/CBMiVGh0dHBzOi8vd3d3LnRoZXZlcmdlLmNvbS8yMzY5MTM0Mi90b3lvdGEtcHJpdXMtMjAyMy1yZXZpZXctaHlicmlkLXNwZWNzLXBob3Rvcy1wcmljZdIBAA?oc=5

118,Microsoft’s latest DirectStorage 1.2 works on HDDs to boost PC game load times.,"Fri, 21 Apr 2023 12:10:56 GMT",The Verge,https://www.theverge.com,https://news.google.com/rss/articles/CBMiaWh0dHBzOi8vd3d3LnRoZXZlcmdlLmNvbS8yMDIzLzQvMjEvMjM2OTI0MjMvbWljcm9zb2Z0LWRpcmVjdHN0b3JhZ2UtMi0xLWhkZC1zdXBwb3J0LWdhbWUtbG9hZC1zcGVlZC10aW1lc9IBAA?oc=5

123,Tesla wins lawsuit that blamed Autopilot for crash.,"Fri, 21 Apr 2023 23:44:36 GMT",The Verge,https://www.theverge.com,https://news.google.com/rss/articles/CBMiUGh0dHBzOi8vd3d3LnRoZXZlcmdlLmNvbS8yMDIzLzQvMjEvMjM2OTM0ODIvdGVzbGEtbGF3c3VpdC1ibGFtZWQtYXV0b3BpbG90LWNyYXNo0gEA?oc=5

125,What's really going on with “Ghostwriter” and the AI Drake song?.,"Wed, 19 Apr 2023 19:08:40 GMT",The Verge,https://www.theverge.com,https://news.google.com/rss/articles/CBMiXmh0dHBzOi8vd3d3LnRoZXZlcmdlLmNvbS8yMDIzLzQvMTgvMjM2ODgxNDEvYWktZHJha2Utc29uZy1naG9zdHdyaXRlci1jb3B5cmlnaHQtdW1nLXRoZS13ZWVrbmTSAQA?oc=5

128,Social media is doomed to die.,"Tue, 18 Apr 2023 07:00:00 GMT",The Verge,https://www.theverge.com,https://news.google.com/rss/articles/CBMiY2h0dHBzOi8vd3d3LnRoZXZlcmdlLmNvbS8yMDIzLzQvMTgvMjM2NzI3Njkvc29jaWFsLW1lZGlhLWluZXZpdGFibGUtZGVhdGgtbW9uZXRpemF0aW9uLWdyb3d0aC1oYWNrc9IBAA?oc=5

129,Apple's VR headset might run tweaked versions of iPad apps.,"Tue, 18 Apr 2023 07:00:00 GMT",The Verge,https://www.theverge.com,https://news.google.com/rss/articles/CBMiWGh0dHBzOi8vd3d3LnRoZXZlcmdlLmNvbS8yMDIzLzQvMTgvMjM2ODgzMDkvYXBwbGVzLXZyLWFyLWhlYWRzZXQtbWl4ZWQtcmVhbGl0eS1hcHBzLWlwYWTSAQA?oc=5

133,Can AI save Snap?.,"Fri, 21 Apr 2023 15:00:00 GMT",The Verge,https://www.theverge.com,https://news.google.com/rss/articles/CBMiRGh0dHBzOi8vd3d3LnRoZXZlcmdlLmNvbS8yMzY5MjY2NC9zbmFwY2hhdC1wYXJ0bmVyLXN1bW1pdC1haS1jaGF0Ym900gEA?oc=5

134,iRobot’s Roomba can now be a security camera.,"Wed, 19 Apr 2023 14:00:36 GMT",The Verge,https://www.theverge.com,https://news.google.com/rss/articles/CBMiWWh0dHBzOi8vd3d3LnRoZXZlcmdlLmNvbS8yMDIzLzQvMTcvMjM2ODY1NTMvaXJvYm90LXJvb21iYS1qNy1zZWN1cml0eS1jYW1lcmEtYmV0YS1mZWF0dXJl0gEA?oc=5

137,BuzzFeed News is being shut down.,"Thu, 20 Apr 2023 15:59:00 GMT",The Verge,https://www.theverge.com,https://news.google.com/rss/articles/CBMiVmh0dHBzOi8vd3d3LnRoZXZlcmdlLmNvbS8yMDIzLzQvMjAvMjM2OTExNjkvYnV6emZlZWQtbmV3cy1zaHV0LWRvd24tam9uYWgtcGVyZXR0aS1tZW1v0gEA?oc=5

138,Google's big AI push will combine Brain and DeepMind into one team.,"Thu, 20 Apr 2023 18:04:40 GMT",The Verge,https://www.theverge.com,https://news.google.com/rss/articles/CBMiS2h0dHBzOi8vd3d3LnRoZXZlcmdlLmNvbS8yMDIzLzQvMjAvMjM2OTE0NjgvZ29vZ2xlLWFpLWRlZXBtaW5kLWJyYWluLW1lcmdlctIBAA?oc=5

139,Apple is reportedly developing its own journaling app for the iPhone.,"Fri, 21 Apr 2023 11:50:56 GMT",The Verge,https://www.theverge.com,https://news.google.com/rss/articles/CBMiZmh0dHBzOi8vd3d3LnRoZXZlcmdlLmNvbS8yMDIzLzQvMjEvMjM2OTI0MjUvYXBwbGUtam91cm5hbGluZy1hcHAtanVyYXNzaWMtd3dkYy0yMDIzLXNoZXJsb2NraW5nLWlvcy0xN9IBAA?oc=5

140,Facebook owes us $725 million: here's how to get your cut.,"Wed, 19 Apr 2023 19:22:01 GMT",The Verge,https://www.theverge.com,https://news.google.com/rss/articles/CBMiYGh0dHBzOi8vd3d3LnRoZXZlcmdlLmNvbS8yMDIzLzQvMTkvMjM2ODk3NzUvZmFjZWJvb2stbWV0YS1jYW1icmlkZ2UtYW5hbHl0aWNhLWRhdGEtcHJpdmFjeS10cnVtcNIBAA?oc=5

142,Spotify loosens its grip on exclusive podcasts.,"Tue, 18 Apr 2023 07:00:00 GMT",The Verge,https://www.theverge.com,https://news.google.com/rss/articles/CBMiVmh0dHBzOi8vd3d3LnRoZXZlcmdlLmNvbS8yMDIzLzQvMTgvMjM2ODg2NDQvc3BvdGlmeS1wb2RjYXN0LWdpbWxldC1yb2dhbi1hdWRpb2Jvb2stcGV30gEA?oc=5

143,Meta's latest layoffs cut employees in technical roles.,"Wed, 19 Apr 2023 16:02:12 GMT",The Verge,https://www.theverge.com,https://news.google.com/rss/articles/CBMiUmh0dHBzOi8vd3d3LnRoZXZlcmdlLmNvbS8yMDIzLzQvMTkvMjM2ODk1NzUvbWV0YS1sYXlvZmZzLWVtcGxveWVlcy10ZWNobmljYWwtcm9sZXPSAQA?oc=5

144,BrightDrop isn't just selling electric vans — it's redesigning delivery.,"Tue, 18 Apr 2023 14:15:00 GMT",The Verge,https://www.theverge.com,https://news.google.com/rss/articles/CBMibWh0dHBzOi8vd3d3LnRoZXZlcmdlLmNvbS8yMzY4NzA5My9icmlnaHRkcm9wLWVsZWN0cmljLXZhbnMtZXYtc3VzdGFpbmFiaWxpdHktYW1hem9uLWZlZGV4LXdhbG1hcnQtdHJhdmlzLWthdHrSAQA?oc=5

147,Messaging apps like WhatsApp urge UK to rethink ‘flawed’ legislation.,"Tue, 18 Apr 2023 11:22:21 GMT",The Verge,https://www.theverge.com,https://news.google.com/rss/articles/CBMiaGh0dHBzOi8vd3d3LnRoZXZlcmdlLmNvbS8yMDIzLzQvMTgvMjM2ODc3Njkvd2hhdHNhcHAtZW5jcnlwdGVkLW1lc3NhZ2luZy1hcHBzLXVrLW9ubGluZS1zYWZldHktb2Zjb20tbGF30gEA?oc=5

149,Microsoft reportedly working on its own AI chips that may rival Nvidia's.,"Tue, 18 Apr 2023 07:00:00 GMT",The Verge,https://www.theverge.com,https://news.google.com/rss/articles/CBMiTGh0dHBzOi8vd3d3LnRoZXZlcmdlLmNvbS8yMDIzLzQvMTgvMjM2ODc5MTIvbWljcm9zb2Z0LWF0aGVuYS1haS1jaGlwcy1udmlkaWHSAQA?oc=5

152,Intel just killed its crypto chip after less than a year.,"Tue, 18 Apr 2023 07:00:00 GMT",The Verge,https://www.theverge.com,https://news.google.com/rss/articles/CBMiWmh0dHBzOi8vd3d3LnRoZXZlcmdlLmNvbS8yMzY4ODMzOC9pbnRlbC1ibG9ja3NjYWxlLWFzaWMtYml0Y29pbi1taW5pbmctY3J5cHRvLWRpc2NvbnRpbnVlZNIBAA?oc=5

153,Amazon opens first Whole Foods equipped with cashierless technology.,"Tue, 01 Mar 2022 08:00:00 GMT",The Verge,https://www.theverge.com,https://news.google.com/rss/articles/CBMidmh0dHBzOi8vd3d3LnRoZXZlcmdlLmNvbS8yMDIyLzMvMS8yMjk1NjA5My9hbWF6b24td2hvbGUtZm9vZHMtanVzdC13YWxrLW91dC1jYXNoaWVybGVzcy10ZWNoLWdsb3Zlci1wYXJrLXdhc2hpbmd0b24tZGPSAQA?oc=5

154,EU targets Big Tech with sweeping new antitrust legislation.,"Thu, 24 Mar 2022 07:00:00 GMT",The Verge,https://www.theverge.com,https://news.google.com/rss/articles/CBMiZGh0dHBzOi8vd3d3LnRoZXZlcmdlLmNvbS8yMDIyLzMvMjQvMjI5OTQyMzQvZXUtYW50aXRydXN0LWxlZ2lzbGF0aW9uLWRtYS1kaWdpdGFsLW1hcmtldHMtYWN0LWRldGFpbHPSAQA?oc=5

155,"Google, Meta, and others will have to explain their algorithms under new EU legislation.","Sat, 23 Apr 2022 07:00:00 GMT",The Verge,https://www.theverge.com,https://news.google.com/rss/articles/CBMibWh0dHBzOi8vd3d3LnRoZXZlcmdlLmNvbS8yMDIyLzQvMjMvMjMwMzY5NzYvZXUtZGlnaXRhbC1zZXJ2aWNlcy1hY3QtZmluYWxpemVkLWFsZ29yaXRobXMtdGFyZ2V0ZWQtYWR2ZXJ0aXNpbmfSAQA?oc=5

157,Google is building an AR headset.,"Thu, 20 Jan 2022 08:00:00 GMT",The Verge,https://www.theverge.com,https://news.google.com/rss/articles/CBMiT2h0dHBzOi8vd3d3LnRoZXZlcmdlLmNvbS8yMDIyLzEvMjAvMjI4OTIxNTIvZ29vZ2xlLXByb2plY3QtaXJpcy1hci1oZWFkc2V0LTIwMjTSAQA?oc=5

158,White House hosts tech summit to discuss open-source security after Log4j.,"Thu, 13 Jan 2022 08:00:00 GMT",The Verge,https://www.theverge.com,https://news.google.com/rss/articles/CBMicWh0dHBzOi8vd3d3LnRoZXZlcmdlLmNvbS8yMDIyLzEvMTMvMjI4ODE4MTMvd2hpdGUtaG91c2UtdGVjaC1zdW1taXQtYXBwbGUtZ29vZ2xlLW1ldGEtYW1hem9uLW9wZW4tc291cmNlLXNlY3VyaXR50gEA?oc=5

159,K threatens tech execs with jail time if they fail to meet online safety standards.,"Thu, 17 Mar 2022 07:00:00 GMT",The Verge,https://www.theverge.com,https://news.google.com/rss/articles/CBMiZ2h0dHBzOi8vd3d3LnRoZXZlcmdlLmNvbS8yMDIyLzMvMTcvMjI5ODI4NDEvdWstb25saW5lLXNhZmV0eS1iaWxsLXRlY2gtbWFuYWdlcnMtamFpbC10aW1lLXRocmVhdHMtZHJhZnTSAQA?oc=5

160,Uber will feature NYC taxi cabs in its app under groundbreaking new deal.,"Thu, 24 Mar 2022 07:00:00 GMT",The Verge,https://www.theverge.com,https://news.google.com/rss/articles/CBMiV2h0dHBzOi8vd3d3LnRoZXZlcmdlLmNvbS8yMDIyLzMvMjQvMjI5OTQzMzIvdWJlci15ZWxsb3ctdGF4aS1hcHAtbnljLWN1cmItY210LWFycm8tZGVhbNIBAA?oc=5

162,Head of WhatsApp on releasing an iPad app: 'We'd love to do it'.,"Fri, 28 Jan 2022 08:00:00 GMT",The Verge,https://www.theverge.com,https://news.google.com/rss/articles/CBMiRWh0dHBzOi8vd3d3LnRoZXZlcmdlLmNvbS8yMDIyLzEvMjgvMjI5MDY3NDcvd2hhdHNhcHAtaXBhZC1hcHAtcmVsZWFzZdIBAA?oc=5

164,Two top Truth Social execs resign from the company.,"Mon, 04 Apr 2022 07:00:00 GMT",The Verge,https://www.theverge.com,https://news.google.com/rss/articles/CBMidWh0dHBzOi8vd3d3LnRoZXZlcmdlLmNvbS8yMDIyLzQvNC8yMzAxMDAwNS90cnV0aC1zb2NpYWwtYmlsbHktYm9vemVyLWpvc2gtYWRhbXMtZG9uYWxkLXRydW1wLXNvY2lhbC1tZWRpYS1ydW1ibGUtdG10Z9IBAA?oc=5

165,"Google launches Ripple, an open standard that could bring tiny radars to Ford cars and more.","Fri, 07 Jan 2022 08:00:00 GMT",The Verge,https://www.theverge.com,https://news.google.com/rss/articles/CBMiVWh0dHBzOi8vd3d3LnRoZXZlcmdlLmNvbS8yMDIyLzEvNy8yMjg3Mjk3Mi9nb29nbGUtcmlwcGxlLXJhZGFyLXN0YW5kYXJkLWFwaS1zb2xpLWZvcmTSAQA?oc=5

166,Targus built Apple’s Find My tracking tech into its Cypress Hero EcoSmart backpack.,"Tue, 04 Jan 2022 08:00:00 GMT",The Verge,https://www.theverge.com,https://news.google.com/rss/articles/CBMiUWh0dHBzOi8vd3d3LnRoZXZlcmdlLmNvbS8yMDIyLzEvNC8yMjg2Njc2OS90YXJndXMtY2VzLTIwMjItYXBwbGUtYmFja3BhY2stZmluZC1tedIBAA?oc=5

167,ZTE’s probation for selling US-made products to Iran and North Korea comes to an end.,"Wed, 23 Mar 2022 07:00:00 GMT",The Verge,https://www.theverge.com,https://news.google.com/rss/articles/CBMiWGh0dHBzOi8vd3d3LnRoZXZlcmdlLmNvbS8yMDIyLzMvMjMvMjI5OTI1MTcvenRlLWlyYW4tbm9ydGgta29yZWEtc2FuY3Rpb25zLXVuaXRlZC1zdGF0ZXPSAQA?oc=5

168,Amazon is reportedly using Chinese suppliers with ties to forced labor.,"Mon, 07 Mar 2022 08:00:00 GMT",The Verge,https://www.theverge.com,https://news.google.com/rss/articles/CBMiVmh0dHBzOi8vd3d3LnRoZXZlcmdlLmNvbS8yMDIyLzMvNy8yMjk2NTY1NC9hbWF6b24tc3VwcGxpZXJzLWZvcmNlZC1sYWJvci1jaGluYS11eWdodXJz0gEA?oc=5

170,Disney hires Google VP Jeremy Doig as its new streaming CTO.,"Wed, 30 Mar 2022 07:00:00 GMT",The Verge,https://www.theverge.com,https://news.google.com/rss/articles/CBMiXmh0dHBzOi8vd3d3LnRoZXZlcmdlLmNvbS8yMDIyLzMvMzAvMjMwMDM5MTUvZGlzbmV5LXBsdXMtamVyZW15LWRvaWctc3RyZWFtaW5nLWh1bHUtZXNwbi1nb29nbGXSAQA?oc=5

172,Ferrari is Qualcomm's latest partner to build smarter cars.,"Tue, 08 Feb 2022 08:00:00 GMT",The Verge,https://www.theverge.com,https://news.google.com/rss/articles/CBMib2h0dHBzOi8vd3d3LnRoZXZlcmdlLmNvbS8yMDIyLzIvOC8yMjkyMzY3MC9mZXJyYXJpLXF1YWxjb21tLWRpZ2l0YWwtY2hhc3Npcy1wYXJ0bmVyc2hpcC1jb2NrcGl0LWNhcnMtYXV0b21vdGl2ZdIBAA?oc=5

174,How a diamond company is giving carbon capture a boost.,"Wed, 02 Mar 2022 08:00:00 GMT",The Verge,https://www.theverge.com,https://news.google.com/rss/articles/CBMiXGh0dHBzOi8vd3d3LnRoZXZlcmdlLmNvbS8yMDIyLzMvMi8yMjk1MTMzMi9hZXRoZXItZGlhbW9uZHMtY2FyYm9uLWNhcHR1cmUtYWlyLWNsaW1hdGUtY2hhbmdl0gEA?oc=5

177,Big Tech drove record clean energy purchases in 2021.,"Tue, 01 Feb 2022 08:00:00 GMT",The Verge,https://www.theverge.com,https://news.google.com/rss/articles/CBMiVmh0dHBzOi8vd3d3LnRoZXZlcmdlLmNvbS8yMDIyLzIvMS8yMjkxMjE4My9iaWctdGVjaC1yZWNvcmQtY2xlYW4tZW5lcmd5LXB1cmNoYXNlcy0yMDIx0gEA?oc=5

183,BMW debuts its new color-changing paint technology at CES: E Ink.,"Wed, 05 Jan 2022 08:00:00 GMT",The Verge,https://www.theverge.com,https://news.google.com/rss/articles/CBMiVGh0dHBzOi8vd3d3LnRoZXZlcmdlLmNvbS8yMDIyLzEvNS8yMjg2NzA5MC9ibXctY29sb3ItY2hhbmdpbmctcGFpbnQtZWxlY3RyaWMtY2FyLWNlc9IBAA?oc=5

185,Listen to an AI voice actor try and flirt with you.,"Thu, 17 Feb 2022 08:00:00 GMT",The Verge,https://www.theverge.com,https://news.google.com/rss/articles/CBMiaGh0dHBzOi8vd3d3LnRoZXZlcmdlLmNvbS8yMDIyLzIvMTcvMjI5MzY5NzgvYWktdm9pY2Utc3BlZWNoLXN5bnRoZXNpcy1hdWRpby1kZWVwZmFrZS1zb25hbnRpYy1mbGlydGF0aW9u0gEA?oc=5

186,Qualcomm is expanding its automotive platforms with new Volvo Honda Renault deals.,"Tue, 04 Jan 2022 08:00:00 GMT",The Verge,https://www.theverge.com,https://news.google.com/rss/articles/CBMidWh0dHBzOi8vd3d3LnRoZXZlcmdlLmNvbS8yMDIyLzEvNC8yMjg2NTYzMC9xdWFsY29tbS1hdXRvbW90aXZlLXBsYXRmb3Jtcy1kaWdpdGFsLWNoYXNzaXMtdm9sdm8taG9uZGEtcmVuYXVsdC1jZXMtMjAyMtIBAA?oc=5

190,Fringe YouTubers are profiting off-platform.,"Tue, 22 Mar 2022 07:00:00 GMT",The Verge,https://www.theverge.com,https://news.google.com/rss/articles/CBMiWmh0dHBzOi8vd3d3LnRoZXZlcmdlLmNvbS8yMDIyLzMvMjIvMjI5OTEwNzMveW91dHViZS1kZW1vbmV0aXphdGlvbi1hbHQtcmlnaHQtY29ybmVsbC1zdHVkedIBAA?oc=5

191,MIT is reinstating SAT and ACT requirements for incoming students.,"Mon, 28 Mar 2022 07:00:00 GMT",The Verge,https://www.theverge.com,https://news.google.com/rss/articles/CBMiXmh0dHBzOi8vd3d3LnRoZXZlcmdlLmNvbS8yMDIyLzMvMjgvMjMwMDA1NDUvbWl0LXNhdC1hY3Qtc3RhbmRhcmRpemVkLXRlc3QtY29yb25hdmlydXMtcGFuZGVtaWPSAQA?oc=5

192,Kohler’s PerfectFill tech can fill your tub for you.,"Mon, 03 Jan 2022 08:00:00 GMT",The Verge,https://www.theverge.com,https://news.google.com/rss/articles/CBMiVWh0dHBzOi8vd3d3LnRoZXZlcmdlLmNvbS8yMDIyLzEvMy8yMjg1ODI1Ny9rb2hsZXItY2VzLTIwMjItc21hcnQtYmF0aHJvb20tcGVyZmVjdGZpbGzSAQA?oc=5

194,Microsoft Teams' Walkie Talkie feature is now widely available.,"Fri, 14 Jan 2022 08:00:00 GMT",The Verge,https://www.theverge.com,https://news.google.com/rss/articles/CBMiWGh0dHBzOi8vd3d3LnRoZXZlcmdlLmNvbS8yMDIyLzEvMTIvMjI4Nzk3NzcvbWljcm9zb2Z0LXRlYW1zLXdhbGtpZS10YWxraWUtbGF1bmNoLWlvcy1hcHDSAQA?oc=5

197,NHTSA rules to finally allow Adaptive Driving Beam technology in US.,"Thu, 17 Feb 2022 08:00:00 GMT",The Verge,https://www.theverge.com,https://news.google.com/rss/articles/CBMiXWh0dHBzOi8vd3d3LnRoZXZlcmdlLmNvbS8yMDIyLzIvMTcvMjI5Mzc0ODkvbmh0c2EtYWxsb3dzLWFkYi1hZGFwdGl2ZS1kcml2aW5nLWJlYW0tdGVjaG5vbG9nedIBAA?oc=5

198,ouTubers are sick of comment spam so YouTube is testing a stricter moderation system.","Fri, 08 Apr 2022 07:00:00 GMT",The Verge,https://www.theverge.com,https://news.google.com/rss/articles/CBMiUmh0dHBzOi8vd3d3LnRoZXZlcmdlLmNvbS8yMDIyLzQvOC8yMzAxNjg2MS95b3V0dWJlLWNvbW1lbnQtc3BhbS10ZXN0aW5nLW1vZGVyYXRpb27SAQA?oc=5

202,How to redesign clean energy tech for recycling.,"Fri, 14 Jan 2022 08:00:00 GMT",The Verge,https://www.theverge.com,https://news.google.com/rss/articles/CBMiRGh0dHBzOi8vd3d3LnRoZXZlcmdlLmNvbS8yMjg4MjI4Ny9jbGVhbi1lbmVyZ3ktdGVjaC1kZXNpZ24tcmVjeWNsaW5n0gEA?oc=5

203,Security experts fear the DMA will break WhatsApp encryption.,"Mon, 28 Mar 2022 07:00:00 GMT",The Verge,https://www.theverge.com,https://news.google.com/rss/articles/CBMiVWh0dHBzOi8vd3d3LnRoZXZlcmdlLmNvbS8yMDIyLzMvMjgvMjMwMDAxNDgvZXUtZG1hLWRhbWFnZS13aGF0c2FwcC1lbmNyeXB0aW9uLXByaXZhY3nSAQA?oc=5

206,Spotify shuts down its namesake podcast studio.,"Tue, 11 Jan 2022 08:00:00 GMT",The Verge,https://www.theverge.com,https://news.google.com/rss/articles/CBMiWWh0dHBzOi8vd3d3LnRoZXZlcmdlLmNvbS8yMDIyLzEvMTEvMjI4NzcyNDIvc3BvdGlmeS1zdHVkaW9zLWZvdXItbGF5LW9mZi1vcmlnaW5hbC1wb2RjYXN00gEA?oc=5

208,GoPro says it's going to expand its camera lineup.,"Thu, 03 Feb 2022 08:00:00 GMT",The Verge,https://www.theverge.com,https://news.google.com/rss/articles/CBMiX2h0dHBzOi8vd3d3LnRoZXZlcmdlLmNvbS8yMDIyLzIvMy8yMjkxNjc5OC9nb3Byby1leHBhbmQtY2FtZXJhLWxpbmV1cC1xNC1lYXJuaW5ncy1jYWxsLWhlcm8tbWF40gEA?oc=5

210,Biden group launches TikTok account to boost the president's agenda.,"Wed, 06 Apr 2022 07:00:00 GMT",The Verge,https://www.theverge.com,https://news.google.com/rss/articles/CBMiW2h0dHBzOi8vd3d3LnRoZXZlcmdlLmNvbS8yMDIyLzQvNi8yMzAxMjA3Ny9iaWRlbi10aWt0b2stcHJlc2lkZW50LXdoaXRlLWhvdXNlLWFjY291bnQtZ2VuLXrSAQA?oc=5

211,Drone carrying a defibrillator saves its first cardiac arrest patient in Sweden.,"Wed, 05 Jan 2022 08:00:00 GMT",The Verge,https://www.theverge.com,https://news.google.com/rss/articles/CBMiW2h0dHBzOi8vd3d3LnRoZXZlcmdlLmNvbS8yMDIyLzEvNS8yMjg2ODc3Ny9ldmVyZHJvbmUtZHJvbmUtZGVmaWJyaWxsYXRvci1oZWFsdGgtdGVjaC1zd2VkZW7SAQA?oc=5

212,Apple will now require employees to submit proof of COVID-19 booster shot.,"Sat, 15 Jan 2022 08:00:00 GMT",The Verge,https://www.theverge.com,https://news.google.com/rss/articles/CBMiWWh0dHBzOi8vd3d3LnRoZXZlcmdlLmNvbS8yMDIyLzEvMTUvMjI4ODUxODEvYXBwbGUtdmFjY2luZS1jb3ZpZC0xOS1ib29zdGVyLXNob3QtZW1wbG95ZWVz0gEA?oc=5

219,Google is releasing an open source harassment filter for journalists.,"Tue, 08 Mar 2022 08:00:00 GMT",The Verge,https://www.theverge.com,https://news.google.com/rss/articles/CBMieWh0dHBzOi8vd3d3LnRoZXZlcmdlLmNvbS8yMDIyLzMvOC8yMjk2NjIwNC9nb29nbGUtamlnc2F3LXBlcnNwZWN0aXZlLWFpLXR3aXR0ZXItbW9kZXJhdGlvbi1oYXJhc3NtZW50LW1hbmFnZXItam91cm5hbGlzdHPSAQA?oc=5

220,Are we ready for the smart front door? Masonite thinks so.,"Tue, 04 Jan 2022 08:00:00 GMT",The Verge,https://www.theverge.com,https://news.google.com/rss/articles/CBMiUmh0dHBzOi8vd3d3LnRoZXZlcmdlLmNvbS8yMDIyLzEvNC8yMjg1ODI1Ni9tYXNvbml0ZS1zbWFydC1kb29yLXJpbmcteWFsZXMtY2VzLTIwMjLSAQA?oc=5

224,GameStop reportedly has a whole unit working on NFTs and cryptocurrency.,"Fri, 07 Jan 2022 08:00:00 GMT",The Verge,https://www.theverge.com,https://news.google.com/rss/articles/CBMiYmh0dHBzOi8vd3d3LnRoZXZlcmdlLmNvbS8yMDIyLzEvNy8yMjg3MTcxNC9nYW1lc3RvcC1uZnRzLWNyeXB0b2N1cnJlbmN5LWJsb2NrY2hhaW4tbWFya2V0cGxhY2UtaHVi0gEA?oc=5

228,How a high-tech twist on a 19th-century process could clean up steel and cement making.,"Tue, 22 Feb 2022 08:00:00 GMT",The Verge,https://www.theverge.com,https://news.google.com/rss/articles/CBMiYmh0dHBzOi8vd3d3LnRoZXZlcmdlLmNvbS8yMDIyLzIvMjIvMjI5NDU5NzUvcm9uZG8tZW5lcmd5LWRlY2FyYm9uaXplLXN0ZWVsLWNlbWVudC1tYWtpbmctcmVuZXdhYmxl0gEA?oc=5

229,wo members of Google’s Ethical AI group leave to join Timnit Gebru’s nonprofit.,"Wed, 02 Feb 2022 08:00:00 GMT",The Verge,https://www.theverge.com,https://news.google.com/rss/articles/CBMiWWh0dHBzOi8vd3d3LnRoZXZlcmdlLmNvbS8yMDIyLzIvMi8yMjkxNTA3OS9nb29nbGUtZXRoaWNhbC1haS1ncm91cC1kZXBhcnR1cmUtdGltbml0LWdlYnJ10gEA?oc=5

230,These are the world’s first wind turbine blade bridges.,"Fri, 11 Feb 2022 08:00:00 GMT",The Verge,https://www.theverge.com,https://news.google.com/rss/articles/CBMiW2h0dHBzOi8vd3d3LnRoZXZlcmdlLmNvbS8yMDIyLzIvMTEvMjI5MjkwNTkvcmVjeWNsZWQtd2luZC10dXJiaW5lLWJsYWRlLWJyaWRnZXMtd29ybGQtZmlyc3TSAQA?oc=5

232,Google offers employees free electric scooters to get them back to the office.,"Mon, 04 Apr 2022 07:00:00 GMT",The Verge,https://www.theverge.com,https://news.google.com/rss/articles/CBMiY2h0dHBzOi8vd3d3LnRoZXZlcmdlLmNvbS8yMDIyLzQvNC8yMzAwNDY2Ny9nb29nbGUtdW5hZ2ktZWxlY3RyaWMtc2Nvb3Rlci1zdWJzY3JpcHRpb24tcmV0dXJuLW9mZmljZdIBAA?oc=5

234,pic Games is making hundreds of temp testers into full employees with benefits.,"Sat, 19 Feb 2022 08:00:00 GMT",The Verge,https://www.theverge.com,https://news.google.com/rss/articles/CBMiXmh0dHBzOi8vd3d3LnRoZXZlcmdlLmNvbS8yMDIyLzIvMTkvMjI5NDIwNTMvZXBpYy1nYW1lcy1mdWxsLXRpbWUtZW1wbG95bWVudC1jb250aW5nZW50LXdvcmtlcnPSAQA?oc=5

235,This firm made Republicans go viral — now it's falling apart.,"Wed, 20 Apr 2022 07:00:00 GMT",The Verge,https://www.theverge.com,https://news.google.com/rss/articles/CBMigAFodHRwczovL3d3dy50aGV2ZXJnZS5jb20vMjAyMi80LzIwLzIzMDMzNjUwL2Fyc2VuYWwtbWVkaWEtZ3JvdXAtY2FtcGFpZ24tbWFya2V0aW5nLWZpcm0tbWFkaXNvbi1jYXd0aG9ybi1rYXJpLWxha2UtYmVubnktam9obnNvbtIBAA?oc=5

238,Amazon’s first clothing store lets you summon clothes to the fitting room.,"Thu, 20 Jan 2022 08:00:00 GMT",The Verge,https://www.theverge.com,https://news.google.com/rss/articles/CBMiaGh0dHBzOi8vd3d3LnRoZXZlcmdlLmNvbS8yMDIyLzEvMjAvMjI4OTI4ODAvYW1hem9uLXN0eWxlLWZhc2hpb24tYXBwZXJhbC1yZXRhaWwtbG9zLWFuZ2VsZXMtZml0dGluZy1yb29t0gEA?oc=5

239,US says internet services are exempt from Russian sanctions.,"Mon, 11 Apr 2022 07:00:00 GMT",The Verge,https://www.theverge.com,https://news.google.com/rss/articles/CBMicGh0dHBzOi8vd3d3LnRoZXZlcmdlLmNvbS8yMDIyLzQvMTEvMjMwMjAyMjEvdXMtcnVzc2lhbi1zYW5jdGlvbnMtdHJlYXN1cnktZGVwYXJ0bWVudC1leGVtcHRpb24taW50ZXJuZXQtc2VydmljZXPSAQA?oc=5

240,Snap buys brain-computer interface startup for future AR glasses.,"Wed, 23 Mar 2022 07:00:00 GMT",The Verge,https://www.theverge.com,https://news.google.com/rss/articles/CBMibWh0dHBzOi8vd3d3LnRoZXZlcmdlLmNvbS8yMDIyLzMvMjMvMjI5OTE2Njcvc25hcC1idXlzLW5leHRtaW5kLWJyYWluLWNvbXB1dGVyLWludGVyZmFjZS1zcGVjdGFjbGVzLWFyLWdsYXNzZXPSAQA?oc=5

242,This update just made your Roomba i3 smarter.,"Thu, 10 Mar 2022 08:00:00 GMT",The Verge,https://www.theverge.com,https://news.google.com/rss/articles/CBMiUWh0dHBzOi8vd3d3LnRoZXZlcmdlLmNvbS8yMDIyLzMvMTAvMjI5NjczOTEvaXJvYm90LXJvb21iYS1pMy11cGRhdGUtc21hcnQtbWFwcGluZ9IBAA?oc=5

243,Congress is still spinning its wheels on autonomous vehicle regulation.,"Thu, 03 Feb 2022 08:00:00 GMT",The Verge,https://www.theverge.com,https://news.google.com/rss/articles/CBMiY2h0dHBzOi8vd3d3LnRoZXZlcmdlLmNvbS8yMDIyLzIvMy8yMjkxNjA0NS9jb25ncmVzcy1hdXRvbm9tb3VzLXZlaGljbGUtaGVhcmluZy1hdi1zdGFydC1sZWdpc2xhdGlvbtIBAA?oc=5

245,"Big Tech's climate goals are weaker than they seem, report finds.","Wed, 09 Feb 2022 08:00:00 GMT",The Verge,https://www.theverge.com,https://news.google.com/rss/articles/CBMiVGh0dHBzOi8vd3d3LnRoZXZlcmdlLmNvbS8yMDIyLzIvOS8yMjkyNTQzNi9iaWctdGVjaC1jbGltYXRlLWNoYW5nZS1nb2Fscy13ZWFrLXJlcG9ydNIBAA?oc=5

247,Biden demands Congress protect kids online in State of the Union address.,"Tue, 01 Mar 2022 08:00:00 GMT",The Verge,https://www.theverge.com,https://news.google.com/rss/articles/CBMicmh0dHBzOi8vd3d3LnRoZXZlcmdlLmNvbS8yMDIyLzMvMS8yMjk1NzUwNS9iaWRlbi1jaGlsZHJlbi1raWRzLXByaXZhY3ktdGVjaC1mYWNlYm9vay1pbnN0YWdyYW0tZnJhbmNlcy1oYXVnZW4tc290ddIBAA?oc=5

249,Parcast union contract with Spotify includes pay raises and diversity promises.,"Mon, 18 Apr 2022 07:00:00 GMT",The Verge,https://www.theverge.com,https://news.google.com/rss/articles/CBMiXmh0dHBzOi8vd3d3LnRoZXZlcmdlLmNvbS8yMDIyLzQvMTgvMjMwMzAyNDQvcGFyY2FzdC11bmlvbi1jb250cmFjdC1zcG90aWZ5LXBheS1yYWlzZS1kaXZlcnNpdHnSAQA?oc=5

250,Smart devices and the fight against climate change.,"Tue, 05 Apr 2022 07:00:00 GMT",The Verge,https://www.theverge.com,https://news.google.com/rss/articles/CBMiTmh0dHBzOi8vd3d3LnRoZXZlcmdlLmNvbS8yMDIyLzQvNS8yMzAxMTM0MS9zbWFydC1kZXZpY2VzLWNsaW1hdGUtY2hhbmdlLXJlcG9ydNIBAA?oc=5

251,Walmart launches another pro service to install smart ACs and other new tech.,"Mon, 31 Jan 2022 08:00:00 GMT",The Verge,https://www.theverge.com,https://news.google.com/rss/articles/CBMiU2h0dHBzOi8vd3d3LnRoZXZlcmdlLmNvbS8yMDIyLzEvMzEvMjI5MTAxOTQvd2FsbWFydC1hbmdpLXRlY2gtaW5zdGFsbGF0aW9uLXNlcnZpY2Vz0gEA?oc=5

252,ohn Deere’s self-driving tractor lets farmers leave the cab — and the field.,"Tue, 04 Jan 2022 08:00:00 GMT",The Verge,https://www.theverge.com,https://news.google.com/rss/articles/CBMiXmh0dHBzOi8vd3d3LnRoZXZlcmdlLmNvbS8yMDIyLzEvNC8yMjg2NjY5OS9qb2huLWRlZXJlLWF1dG9ub21vdXMtZmFybWluZy1haS1tYWNoaW5lLXZpc2lvbi1raXTSAQA?oc=5

